Player,Shooter_Score,Rebounding_Score,Defense_Score,Playmaking_Score,Scorer_Score,Shooter_Category,Rebounding_Category,Defense_Category,Playmaking_Category,Scorer_Category
A.C. Green,29,59,52,34,38,0,2,1,0,0
A.J. Green,70,33,44,44,42,2,0,0,1,1
A.J. Guyton,46,27,29,48,38,1,0,0,1,0
A.J. Price,53,30,45,49,42,1,0,0,2,1
AJ Griffin,58,33,47,38,44,2,0,1,1,1
Aaron Brooks,56,30,41,52,49,2,0,0,2,1
Aaron Gordon,54,54,54,48,56,1,2,1,1,2
Aaron Gray,27,52,50,30,31,0,2,1,0,0
Aaron Holiday,46,32,49,49,39,1,0,1,1,1
Aaron McKie,39,37,64,46,37,1,1,2,1,0
Aaron Nesmith,64,41,52,39,51,2,1,1,1,1
Aaron Wiggins,49,38,50,38,41,1,1,1,1,1
Aaron Williams,29,47,53,31,37,0,1,1,0,0
Abdel Nader,48,31,50,32,38,1,0,1,0,0
Acie Law,34,28,42,45,34,1,0,0,1,0
Adam Keefe,29,52,51,36,40,0,2,1,1,1
Adam Morrison,47,32,36,37,40,1,0,0,1,1
Adonal Foyle,27,54,69,30,34,0,2,2,0,0
Adreian Payne,30,50,38,31,40,0,2,0,0,1
Adrian Griffin,33,45,63,45,36,1,1,2,1,0
Ajay Mitchell,42,32,54,41,36,1,0,1,1,0
Al Harrington,58,53,50,36,64,2,2,1,1,2
Al Horford,49,62,71,54,54,1,2,2,2,2
Al Jefferson,29,71,65,38,65,0,2,2,1,2
Al Thornton,34,42,45,34,48,1,1,0,0,1
Al-Farouq Aminu,46,52,60,35,41,1,2,2,1,1
Alan Anderson,53,33,44,36,43,1,0,0,1,1
Alan Henderson,29,52,49,30,46,0,2,1,0,1
Alan Williams,28,55,50,30,40,0,2,1,0,1
Alec Burks,58,41,46,45,54,2,1,1,1,2
Aleksej Pokusevski,56,47,55,41,45,2,1,1,1,1
Alex Caruso,50,36,69,51,40,1,1,2,2,1
Alex Len,36,51,54,33,41,1,2,1,0,1
Alex Sarr,62,56,57,42,55,2,2,1,1,2
Alexey Shved,55,33,42,50,50,1,0,0,2,1
Alexis Ajinça,29,48,53,29,34,0,1,1,0,0
Allan Houston,59,36,49,43,69,2,1,1,1,2
Allan Ray,49,29,40,34,39,1,0,0,0,1
Allen Crabbe,59,35,41,39,42,2,1,0,1,1
Allen Iverson,50,39,56,66,84,1,1,1,2,2
Allonzo Trier,47,37,39,39,51,1,1,0,1,1
Alonzo Gee,39,41,49,33,40,1,1,1,0,1
Alonzo Mourning,29,60,80,29,56,0,2,2,0,2
Alperen Sengun,41,69,67,56,63,1,2,2,2,2
Alvin Williams,37,32,52,53,43,1,0,1,2,1
Amar'e Stoudemire,30,59,55,31,61,0,2,1,0,2
Amen Thompson,38,60,71,43,49,1,2,2,1,1
Amir Coffey,56,34,48,43,44,2,0,1,1,1
Amir Johnson,33,54,63,37,40,1,2,2,1,1
Anderson Varejão,29,67,62,37,43,0,2,2,1,1
Andray Blatche,32,54,59,36,51,0,2,2,1,1
Andre Drummond,29,87,71,37,55,0,2,2,1,2
Andre Iguodala,49,46,71,60,51,1,1,2,2,1
Andre Jackson Jr.,42,39,50,37,32,1,1,1,1,0
Andre Miller,35,40,53,73,49,1,1,1,2,1
Andre Roberson,40,45,66,37,35,1,1,2,1,0
Andrea Bargnani,55,46,46,34,62,1,1,1,0,2
Andrei Kirilenko,41,51,83,46,53,1,2,2,1,2
Andrew Bogut,28,68,72,41,40,0,2,2,1,1
Andrew Bynum,29,61,58,34,49,0,2,2,0,1
Andrew DeClercq,28,51,54,30,39,0,2,1,0,1
Andrew Harrison,47,32,52,52,44,1,0,1,2,1
Andrew Lang,27,49,48,30,34,0,1,1,0,0
Andrew Nembhard,53,34,47,61,46,1,0,1,2,1
Andrew Nicholson,35,39,43,29,39,1,1,0,0,0
Andrew Wiggins,66,47,50,46,75,2,1,1,1,2
Andris Biedriņš,27,66,64,35,39,0,2,2,1,0
Andrés Nocioni,58,46,50,35,52,2,1,1,0,2
Anfernee Hardaway,41,43,57,50,51,1,1,1,2,1
Anfernee Simons,81,35,35,53,64,2,1,0,2,2
Antawn Jamison,54,64,50,37,72,1,2,1,1,2
Ante Žižić,29,51,36,33,40,0,2,0,0,1
Anthony Bennett,32,42,41,36,36,0,1,0,1,0
Anthony Black,44,34,58,45,40,1,0,2,1,1
Anthony Brown,47,34,40,36,34,1,0,0,1,0
Anthony Carter,34,33,59,61,36,1,0,2,2,0
Anthony Davis,43,78,84,44,82,1,2,2,1,2
Anthony Edwards,88,48,63,54,84,2,1,2,2,2
Anthony Goldwire,50,30,40,61,39,1,0,0,2,1
Anthony Johnson,41,31,47,58,38,1,0,1,2,0
Anthony Lamb,54,39,42,38,39,1,1,0,1,0
Anthony Mason,30,69,62,59,53,0,2,2,2,2
Anthony Morrow,58,33,42,37,47,2,0,0,1,1
Anthony Parker,55,39,55,49,47,1,1,1,1,1
Anthony Peeler,55,38,54,53,51,2,1,1,2,1
Anthony Randolph,29,50,52,31,48,0,2,1,0,1
Anthony Tolliver,54,43,44,37,41,1,1,0,1,1
Antoine Carr,28,33,50,33,37,0,0,1,0,0
Antoine Walker,62,65,57,49,73,2,2,1,1,2
Antoine Wright,45,36,48,39,40,1,1,1,1,1
Antonio Daniels,41,32,47,61,45,1,0,1,2,1
Antonio Davis,28,61,53,34,45,0,2,1,0,1
Antonio McDyess,28,61,62,33,48,0,2,2,0,1
Anžejs Pasečņiks,28,44,39,31,36,0,1,0,0,0
Archie Goodwin,41,34,40,41,47,1,0,0,1,1
Armen Gilliam,28,48,50,31,44,0,1,1,0,1
Armoni Brooks,68,33,42,41,41,2,0,0,1,1
Aron Baynes,38,49,51,33,38,1,1,1,0,0
Arron Afflalo,58,37,43,40,55,2,1,0,1,2
Art Long,27,44,44,31,33,0,1,0,0,0
Arvydas Sabonis,36,59,76,41,51,1,2,2,1,1
Ausar Thompson,42,56,63,41,45,1,2,2,1,1
Austin Croshere,48,49,53,34,46,1,1,1,0,1
Austin Daye,48,42,48,37,42,1,1,1,1,1
Austin Reaves,65,40,49,58,57,2,1,1,2,2
Austin Rivers,53,32,46,47,44,1,0,1,1,1
Avery Bradley,59,36,50,40,52,2,1,1,1,2
Avery Johnson,29,29,46,73,44,0,0,1,2,1
Ayo Dosunmu,55,37,53,56,48,1,1,1,2,1
B.J. Armstrong,42,29,34,49,41,1,0,0,2,1
Bam Adebayo,34,69,73,53,61,1,2,2,2,2
Baron Davis,68,40,61,80,68,2,1,2,2,2
Ben Gordon,61,35,47,44,63,2,1,1,1,2
Ben McLemore,65,32,41,33,46,2,0,0,0,1
Ben Simmons,29,59,75,79,53,0,2,2,2,2
Ben Wallace,27,72,86,37,37,0,2,2,1,0
Bennedict Mathurin,59,47,39,38,65,2,1,0,1,2
Beno Udrih,41,32,42,57,41,1,0,0,2,1
Bernard Robinson,31,39,61,35,38,0,1,2,1,0
Bilal Coulibaly,55,47,54,45,52,2,1,1,1,2
Billy Owens,34,49,51,39,41,1,1,1,1,1
Bimbo Coles,36,32,44,54,38,1,0,0,2,0
Bismack Biyombo,27,55,58,34,35,0,2,2,0,0
Bison Dele,29,62,62,33,55,0,2,2,0,2
Blake Griffin,59,57,54,59,69,2,2,1,2,2
Blake Wesley,39,33,38,45,37,1,0,0,1,0
Blue Edwards,41,37,43,43,47,1,1,0,1,1
Bo Outlaw,30,51,76,40,36,0,2,2,1,0
Bob Sura,43,47,56,57,50,1,1,1,2,1
Bobby Hurley,31,27,30,55,34,0,0,0,2,0
Bobby Jackson,52,37,52,47,47,1,1,1,1,1
Bobby Phills,53,39,62,50,56,1,1,2,2,2
Bobby Portis,55,62,45,36,55,1,2,0,1,2
Bobby Simmons,48,44,50,39,47,1,1,1,1,1
Bogdan Bogdanović,79,39,51,53,61,2,1,1,2,2
Bojan Bogdanović,70,38,38,36,61,2,1,0,1,2
Bol Bol,42,51,64,32,43,1,2,2,0,1
Bones Hyland,71,33,45,50,54,2,0,0,2,2
Bonzi Wells,36,45,62,37,51,1,1,2,1,1
Boris Diaw,42,46,55,52,44,1,1,1,2,1
Boštjan Nachbar,52,35,46,34,42,1,0,1,0,1
Brad Miller,35,64,57,47,53,1,2,1,1,2
Brad Wanamaker,40,31,51,52,37,1,0,1,2,0
Bradley Beal,72,43,53,57,78,2,1,1,2,2
Brandan Wright,29,45,61,34,39,0,1,2,0,0
Brandin Podziemski,55,49,56,59,45,1,1,1,2,1
Brandon Bass,30,50,56,33,45,0,2,1,0,1
Brandon Boston Jr.,58,39,52,49,53,2,1,1,1,2
Brandon Clarke,35,51,62,41,45,1,2,2,1,1
Brandon Davies,39,41,45,35,38,1,1,0,1,0
Brandon Ingram,58,48,52,58,74,2,1,1,2,2
Brandon Jennings,56,34,47,65,48,2,0,1,2,1
Brandon Knight,63,36,42,54,56,2,1,0,2,2
Brandon Miller,95,45,48,47,75,2,1,1,1,2
Brandon Roy,51,44,55,62,71,1,1,1,2,2
Brandon Rush,53,38,52,36,43,1,1,1,1,1
Brandon Williams,61,38,36,54,61,2,1,0,2,2
Brendan Haywood,28,63,61,29,41,0,2,2,0,1
Brent Barry,60,37,58,51,48,2,1,2,2,1
Brent Price,50,30,45,48,38,1,0,0,1,0
Brevin Knight,30,34,68,70,39,0,0,2,2,0
Brian Cardinal,46,43,65,39,47,1,1,2,1,1
Brian Cook,45,39,45,35,40,1,1,0,1,1
Brian Grant,29,63,59,34,46,0,2,2,0,1
Brian Roberts,48,29,41,53,43,1,0,0,2,1
Brian Scalabrine,42,39,50,38,36,1,1,1,1,0
Brian Shaw,40,39,53,61,40,1,1,1,2,1
Brian Skinner,27,54,55,32,35,0,2,1,0,0
Brice Sensabaugh,58,36,37,37,42,2,1,0,1,1
Brook Lopez,51,55,68,36,61,1,2,2,1,2
Brooks Thompson,55,29,38,49,40,2,0,0,2,1
Bruce Bowen,47,35,64,39,38,1,1,2,1,0
Bruce Brown,47,44,51,50,47,1,1,1,2,1
Bruno Caboclo,59,46,53,38,44,2,1,1,1,1
Bruno Fernando,29,45,55,34,37,0,1,1,0,0
Bryant Reeves,29,58,45,36,53,0,2,0,1,2
Bryant Stith,47,37,45,42,46,1,1,0,1,1
Bryce Drew,47,29,39,54,39,1,0,0,2,0
Bryce McGowens,43,32,38,37,37,1,0,0,1,0
Bryn Forbes,62,29,36,38,46,2,0,0,1,1
Bryon Russell,52,44,63,39,50,1,1,2,1,1
Buck Williams,28,49,58,30,35,0,1,2,0,0
Buddy Hield,82,41,46,46,59,2,1,1,1,2
Byron Mullens,46,52,41,35,50,1,2,0,0,1
Byron Scott,49,29,52,40,40,1,0,1,1,1
C.J. Miles,63,34,50,36,49,2,0,1,1,1
C.J. Watson,48,32,54,50,43,1,0,1,2,1
C.J. Williams,45,29,52,42,36,1,0,1,1,0
CJ Elleby,46,42,41,39,38,1,1,0,1,0
CJ McCollum,81,42,50,61,77,2,1,1,2,2
Cade Cunningham,73,50,52,79,79,2,2,1,2,2
Calbert Cheaney,31,38,52,40,42,0,1,1,1,1
Caleb Houstan,50,33,40,37,33,1,0,0,1,0
Caleb Martin,52,43,57,41,45,1,1,1,1,1
Calvin Booth,28,45,70,31,34,0,1,2,0,0
Cam Reddish,58,34,50,36,48,2,0,1,1,1
Cam Thomas,57,33,40,41,59,2,0,0,1,2
Cam Whitmore,64,42,47,31,55,2,1,1,0,2
Cameron Johnson,76,44,55,45,60,2,1,1,1,2
Cameron Payne,53,31,45,54,42,1,0,0,2,1
Caris LeVert,64,42,53,60,67,2,1,1,2,2
Carl Herrera,30,47,49,30,43,0,1,1,0,1
Carl Landry,30,51,48,30,54,0,2,1,0,2
Carlos Arroyo,35,31,45,54,40,1,0,0,2,1
Carlos Boozer,29,72,62,41,61,0,2,2,1,2
Carlos Delfino,59,40,61,43,46,2,1,2,1,1
Carlos Rogers,31,45,44,34,39,0,1,0,0,1
Carlton Carrington,62,43,43,55,47,2,1,0,2,1
Carmelo Anthony,58,56,52,45,84,2,2,1,1,2
Caron Butler,52,48,55,41,59,1,1,1,1,2
Cartier Martin,53,32,46,32,39,1,0,0,0,1
Casey Jacobsen,47,32,43,38,40,1,0,0,1,1
Cason Wallace,53,37,69,51,39,1,1,2,2,1
Cedi Osman,64,37,48,46,50,2,1,1,1,1
Cedric Ceballos,43,53,47,34,56,1,2,1,0,2
Cedric Henderson,29,37,56,38,40,0,1,1,1,1
Chandler Hutchison,38,42,48,34,40,1,1,1,0,1
Chandler Parsons,59,43,54,46,53,2,1,1,1,2
Channing Frye,56,43,53,36,43,2,1,1,1,1
Charles Barkley,42,87,59,54,66,1,2,2,2,2
Charles Jenkins,32,29,38,56,36,0,0,0,2,0
Charles Jones,43,29,42,38,34,1,0,0,1,0
Charles Oakley,31,65,70,48,42,0,2,2,1,1
Charles Smith,45,34,67,37,42,1,0,2,1,1
Charlie Bell,55,33,49,49,46,1,0,1,1,1
Charlie Villanueva,53,50,47,33,53,1,2,1,0,2
Charlie Ward,54,35,66,60,41,1,1,2,2,1
Chase Budinger,54,38,44,38,45,1,1,0,1,1
Chasson Randle,51,29,40,44,39,1,0,0,1,1
Chauncey Billups,66,35,50,65,63,2,1,1,2,2
Cherokee Parks,29,44,51,34,34,0,1,1,0,0
Chet Holmgren,63,63,84,44,63,2,2,2,1,2
Chimezie Metu,47,43,54,33,40,1,1,1,0,1
Chris Andersen,31,50,62,31,36,0,2,2,0,0
Chris Anstey,32,42,56,33,38,0,1,1,0,0
Chris Bosh,39,66,63,40,71,1,2,2,1,2
Chris Boucher,55,53,57,33,50,1,2,1,0,1
Chris Carr,44,37,40,35,47,1,1,0,1,1
Chris Childs,42,34,57,62,36,1,0,1,2,0
Chris Copeland,52,33,40,31,42,1,0,0,0,1
Chris Crawford,39,35,43,31,42,1,1,0,0,1
Chris Douglas-Roberts,42,34,52,36,43,1,0,1,1,1
Chris Duarte,61,38,42,40,51,2,1,0,1,1
Chris Dudley,26,57,66,28,32,0,2,2,0,0
Chris Duhon,51,32,52,62,39,1,0,1,2,1
Chris Gatling,32,53,50,29,54,0,2,1,0,2
Chris Herren,45,26,39,49,32,1,0,0,2,0
Chris Johnson,54,32,50,34,38,1,0,1,0,0
Chris Kaman,28,63,60,33,50,0,2,2,0,1
Chris McCullough,39,37,54,30,35,1,1,1,0,0
Chris Mihm,29,53,50,27,40,0,2,1,0,1
Chris Mills,45,49,55,42,52,1,1,1,1,2
Chris Mullin,53,38,59,43,48,1,1,2,1,1
Chris Paul,59,44,75,99,65,2,1,2,2,2
Chris Porter,28,43,40,35,46,0,1,0,1,1
Chris Quinn,51,31,47,57,43,1,0,1,2,1
Chris Robinson,46,31,44,43,35,1,0,0,1,0
Chris Singleton,38,39,60,33,34,1,1,2,0,0
Chris Webber,35,69,70,55,70,1,2,2,2,2
Chris Whitney,58,29,41,56,46,2,0,0,2,1
Chris Wilcox,28,53,46,31,45,0,2,1,0,1
Christian Braun,45,41,52,41,43,1,1,1,1,1
Christian Eyenga,44,36,48,31,40,1,1,1,0,1
Christian Laettner,33,50,61,40,47,1,2,2,1,1
Christian Wood,58,61,56,36,61,2,2,1,1,2
Chuck Hayes,27,53,64,41,32,0,2,2,1,0
Chuck Person,58,36,49,38,40,2,1,1,1,1
Chucky Atkins,58,30,44,54,48,2,0,0,2,1
Chucky Brown,31,36,47,37,36,0,1,1,1,0
Chuma Okeke,58,43,60,46,42,2,1,2,1,1
Clarence Weatherspoon,28,58,60,33,43,0,2,2,0,1
Cleanthony Early,45,35,41,33,38,1,0,0,0,0
Clifford Robinson,50,41,63,42,51,1,1,2,1,1
Clifford Rozier,25,54,46,34,33,0,2,1,0,0
Clint Capela,28,82,64,34,50,0,2,2,0,1
Clyde Drexler,67,51,70,67,72,2,2,2,2,2
Coby White,77,39,46,56,61,2,1,1,2,2
Cody Martin,46,42,56,48,40,1,1,1,1,1
Cody Zeller,33,55,58,38,44,1,2,2,1,1
Cole Aldrich,28,52,62,36,35,0,2,2,1,0
Cole Anthony,61,45,54,58,59,2,1,1,2,2
Collin Sexton,59,36,37,52,70,2,1,0,2,2
Corey Benjamin,43,31,47,33,44,1,0,1,0,1
Corey Brewer,44,37,58,39,44,1,1,2,1,1
Corey Kispert,70,36,39,40,50,2,1,0,1,1
Corey Maggette,44,47,46,39,65,1,1,1,1,2
Corie Blount,28,52,51,33,33,0,2,1,0,0
Corliss Williamson,28,45,48,33,51,0,1,1,0,1
Cory Alexander,58,36,53,58,49,2,1,1,2,1
Cory Joseph,45,35,52,55,41,1,1,1,2,1
Courtney Alexander,37,35,41,35,54,1,1,0,0,2
Courtney Lee,51,35,57,42,46,1,0,1,1,1
Craig Smith,29,45,47,32,43,0,1,1,0,1
Cristiano Felício,29,47,43,33,32,0,1,0,0,0
Cuttino Mobley,64,40,53,45,65,2,1,1,1,2
D'Angelo Russell,86,39,47,69,73,2,1,1,2,2
D.J. Augustin,56,30,40,56,46,2,0,0,2,1
D.J. White,30,44,44,39,41,0,1,0,1,1
D.J. Wilson,48,45,52,38,38,1,1,1,1,0
DaQuan Jeffries,46,34,41,36,33,1,0,0,1,0
Daequan Cook,59,33,43,36,42,2,0,0,1,1
Dahntay Jones,35,33,47,36,40,1,0,1,1,1
Daishen Nix,47,30,38,44,34,1,0,0,1,0
Dajuan Wagner,50,29,38,42,51,1,0,0,1,1
Dalano Banton,64,41,49,48,58,2,1,1,1,2
Dale Davis,27,62,61,34,38,0,2,2,0,0
Dale Ellis,66,36,39,36,56,2,1,0,1,2
Dalton Knecht,65,40,36,40,48,2,1,0,1,1
Damian Jones,34,42,55,36,36,1,1,1,1,0
Damian Lillard,94,43,50,76,89,2,1,1,2,2
Damien Wilkins,39,34,48,38,39,1,0,1,1,1
Damion James,28,39,54,32,33,0,1,1,0,0
Damion Lee,58,40,51,41,45,2,1,1,1,1
Damjan Rudež,49,25,42,34,34,1,0,0,0,0
Damon Jones,60,30,43,56,41,2,0,0,2,1
Damon Stoudamire,57,39,47,72,57,2,1,1,2,2
Damyean Dotson,58,34,42,44,44,2,0,0,1,1
Dan Dickau,54,34,41,63,54,1,0,0,2,2
Dan Gadzuric,27,51,57,29,35,0,2,1,0,0
Dan Majerle,61,41,65,50,42,2,1,2,2,1
Dana Barros,52,31,46,51,45,1,0,1,2,1
Daniel Gafford,30,59,70,37,45,0,2,2,1,1
Daniel Gibson,57,32,49,45,43,2,0,1,1,1
Daniel Theis,45,48,51,37,42,1,1,1,1,1
Danilo Gallinari,68,46,49,42,65,2,1,1,1,2
Danny Ferry,46,36,52,38,39,1,1,1,1,0
Danny Fortson,31,68,40,29,47,0,2,0,0,1
Danny Granger,60,44,55,36,58,2,1,1,1,2
Danny Green,66,40,71,40,46,2,1,2,1,1
Danny Manning,31,45,61,39,45,0,1,2,1,1
Danny Schayes,28,40,53,31,36,0,1,1,0,0
Dante Cunningham,38,43,52,35,38,1,1,1,0,0
Dante Exum,45,32,45,44,38,1,0,0,1,0
Danuel House Jr.,54,37,42,38,40,1,1,0,1,1
Dario Šarić,59,51,46,40,50,2,2,1,1,1
Darius Bazley,48,45,57,36,44,1,1,1,1,1
Darius Garland,74,35,48,74,70,2,0,1,2,2
Darius Miles,32,47,58,40,50,0,1,2,1,1
Darius Miller,59,30,44,43,40,2,0,0,1,1
Darius Songaila,30,41,49,36,39,0,1,1,1,1
Darko Miličić,27,48,62,35,40,0,1,2,1,1
Darrell Armstrong,54,36,61,59,47,1,1,2,2,1
Darrell Arthur,38,41,55,34,39,1,1,1,0,1
Darren Collison,49,35,53,66,54,1,1,1,2,2
Darrick Martin,53,29,40,58,49,1,0,0,2,1
Darvin Ham,30,45,51,34,34,0,1,1,0,0
David Benoit,46,36,47,28,36,1,1,1,0,0
David Duke Jr.,42,39,43,41,35,1,1,0,1,0
David Harrison,28,41,61,25,37,0,1,2,0,0
David Lee,29,62,55,40,48,0,2,1,1,1
David Nwaba,38,42,51,37,41,1,1,1,1,1
David Robinson,29,71,95,37,61,0,2,2,1,2
David Roddy,50,40,43,37,42,1,1,0,1,1
David Vanterpool,29,31,44,49,37,0,0,0,1,0
David Wesley,57,36,59,58,58,2,1,2,2,2
David West,32,59,66,42,60,0,2,2,1,2
Davion Mitchell,52,31,43,56,42,1,0,0,2,1
Day'Ron Sharpe,32,57,54,37,38,0,2,1,1,0
De'Aaron Fox,64,42,55,71,80,2,1,1,2,2
De'Andre Hunter,66,42,44,37,62,2,1,0,1,2
De'Anthony Melton,60,40,67,50,46,2,1,2,2,1
DeAndre Jordan,30,82,69,34,45,0,2,2,0,1
DeAndre Liggins,37,29,57,42,27,1,0,1,1,0
DeAndre' Bembry,37,38,58,41,36,1,1,2,1,0
DeJuan Blair,28,55,59,32,41,0,2,2,0,1
DeMar DeRozan,42,44,54,57,77,1,1,1,2,2
DeMarcus Cousins,54,69,68,46,71,1,2,2,1,2
DeMarre Carroll,54,44,55,38,46,1,1,1,1,1
DeSagana Diop,29,50,64,30,28,0,2,2,0,0
DeShawn Stevenson,42,37,41,42,45,1,1,0,1,1
Dean Garrett,28,59,59,34,39,0,2,2,0,0
Dean Wade,55,41,58,46,37,2,1,2,1,0
Deandre Ayton,33,79,59,36,59,1,2,2,1,2
Dedric Willoughby,58,32,46,47,45,2,0,1,1,1
Dee Brown,61,32,49,47,47,2,0,1,1,1
Dejounte Murray,57,53,67,70,65,2,2,2,2,2
Dell Curry,55,32,43,38,47,2,0,0,1,1
Delon Wright,47,40,64,62,44,1,1,2,2,1
Delonte West,47,37,60,55,46,1,1,2,2,1
Deni Avdija,54,51,55,47,50,1,2,1,1,1
Dennis Rodman,29,99,62,44,33,0,2,2,1,0
Dennis Schröder,64,37,46,68,62,2,1,1,2,2
Dennis Scott,57,34,45,41,47,2,0,0,1,1
Dennis Smith Jr.,52,36,56,59,51,1,1,1,2,1
Denzel Valentine,60,40,49,45,42,2,1,1,1,1
DerMarr Johnson,49,34,51,33,40,1,0,1,0,1
Dereck Lively II,29,63,66,41,40,0,2,2,1,1
Derek Anderson,53,38,52,50,51,1,1,1,2,1
Derek Fisher,48,31,54,51,42,1,0,1,2,1
Derek Harper,48,30,51,60,45,1,0,1,2,1
Derek Strong,28,51,48,30,42,0,2,1,0,1
Deron Williams,60,36,46,82,63,2,1,1,2,2
Derrick Brown,33,42,42,36,42,0,1,0,1,1
Derrick Coleman,41,65,61,39,58,1,2,2,1,2
Derrick Favors,30,57,59,32,44,0,2,2,0,1
Derrick Jones Jr.,45,41,55,35,41,1,1,1,0,1
Derrick McKey,34,42,63,40,34,1,1,2,1,0
Derrick Rose,49,36,47,60,61,1,1,1,2,2
Derrick White,68,40,61,64,57,2,1,2,2,2
Derrick Williams,43,39,44,32,43,1,1,0,0,1
Desmond Bane,78,45,58,55,67,2,1,2,2,2
Desmond Mason,34,51,47,39,56,1,2,1,1,2
Detlef Schrempf,42,51,55,52,52,1,2,1,2,2
Devean George,45,39,56,36,38,1,1,1,1,0
Devin Booker,75,42,47,63,86,2,1,1,2,2
Devin Brown,52,37,47,38,46,1,1,1,1,1
Devin Ebanks,30,35,44,30,33,0,1,0,0,0
Devin Harris,51,33,51,61,54,1,0,1,2,2
Devin Vassell,70,40,53,50,59,2,1,1,2,2
Devonte' Graham,74,32,47,61,52,2,0,1,2,1
Dewayne Dedmon,45,53,56,30,39,1,2,1,0,1
Deyonta Davis,29,43,46,35,34,0,1,1,1,0
Dickey Simpkins,27,55,48,35,40,0,2,1,0,1
Dikembe Mutombo,28,82,79,30,45,0,2,2,0,1
Dillon Brooks,68,39,51,42,62,2,1,1,1,2
Dino Radja,27,66,61,37,58,0,2,2,1,2
Dion Glover,42,41,48,40,47,1,1,1,1,1
Dion Waiters,56,34,50,45,57,2,0,1,1,2
Dirk Nowitzki,56,58,64,44,73,2,2,2,1,2
Domantas Sabonis,44,81,62,61,64,1,2,2,2,2
Dominic McGuire,30,46,58,45,32,0,1,2,1,0
Dominique Wilkins,58,58,35,38,73,2,2,0,1,2
Don MacLean,37,42,33,32,51,1,1,0,0,1
Don Reid,28,42,61,32,34,0,1,2,0,0
Donald Sloan,36,34,40,55,39,1,0,0,2,1
Donatas Motiejūnas,42,48,52,34,45,1,1,1,0,1
Donnell Harvey,29,52,49,35,40,0,2,1,0,1
Donovan Clingan,36,58,60,28,36,1,2,2,0,0
Donovan Mitchell,91,44,64,60,88,2,1,2,2,2
Donte DiVincenzo,70,43,56,49,49,2,1,1,2,1
Donté Greene,46,35,49,32,41,1,1,1,0,1
Donyell Marshall,54,66,67,36,57,1,2,2,1,2
Dorell Wright,53,44,59,43,47,1,1,2,1,1
Dorian Finney-Smith,64,47,53,40,45,2,1,1,1,1
Doug Christie,46,42,69,55,48,1,1,2,2,1
Doug McDermott,55,34,38,38,44,1,0,0,1,1
Doug Overton,36,30,38,50,35,1,0,0,2,0
Doug West,30,32,45,41,35,0,0,0,1,0
Dragan Bender,52,42,45,38,38,1,1,0,1,0
Draymond Green,50,58,83,72,46,1,2,2,2,1
Drew Eubanks,35,57,50,36,44,1,2,1,1,1
Drew Gooden,32,63,50,32,52,0,2,1,0,2
Duane Ferrell,35,34,51,36,38,1,0,1,1,0
Duane Washington Jr.,63,30,32,41,49,2,0,0,1,1
Duncan Robinson,83,34,47,43,52,2,0,1,1,2
Duop Reath,57,42,48,36,46,2,1,1,1,1
Dwayne Bacon,46,35,40,41,44,1,0,0,1,1
Dwight Howard,30,85,80,33,64,0,2,2,0,2
Dwight Powell,37,48,58,38,41,1,1,2,1,1
Dwyane Wade,43,44,66,59,70,1,1,2,2,2
Dylan Windler,49,39,50,35,36,1,1,1,1,0
Dyson Daniels,48,43,71,50,42,1,1,2,2,1
Dāvis Bertāns,75,33,47,39,47,2,0,1,1,1
E'Twaun Moore,51,34,49,44,45,1,0,1,1,1
Earl Barron,30,45,37,30,41,0,1,0,0,1
Earl Boykins,51,31,40,59,54,1,0,0,2,2
Earl Clark,47,39,49,31,38,1,1,1,0,0
Earl Watson,49,34,51,61,43,1,0,1,2,1
Ed Davis,28,56,58,33,38,0,2,2,0,0
Ed Gray,42,29,46,35,43,1,0,1,1,1
Eddie Gill,38,28,38,42,35,1,0,0,1,0
Eddie Griffin,48,53,65,34,43,1,2,2,0,1
Eddie House,54,30,49,41,42,1,0,1,1,1
Eddie Johnson,55,38,38,36,47,1,1,0,1,1
Eddie Jones,57,41,70,49,57,2,1,2,2,2
Eddie Robinson,31,36,52,35,39,0,1,1,1,1
Eddy Curry,35,51,47,27,58,1,2,1,0,2
Edmond Sumner,44,30,46,33,40,1,0,1,0,1
Eduardo Nájera,31,47,54,35,37,0,1,1,1,0
Ekpe Udoh,28,44,62,34,35,0,1,2,0,0
Elden Campbell,28,56,63,35,52,0,2,2,1,1
Eldridge Recasner,46,32,44,41,39,1,0,0,1,1
Elfrid Payton,41,44,55,73,52,1,1,1,2,2
Elie Okobo,48,30,39,46,38,1,0,0,1,0
Elijah Millsap,43,38,65,34,38,1,1,2,0,0
Elliot Perry,39,29,55,49,40,1,0,1,2,1
Elliot Williams,44,31,37,35,39,1,0,0,1,1
Elton Brand,29,71,72,40,63,0,2,2,1,2
Emanual Davis,49,35,50,44,39,1,1,1,1,1
Emeka Okafor,28,75,68,31,54,0,2,2,0,2
Emmanuel Mudiay,48,35,41,52,49,1,1,0,2,1
Enes Freedom,34,73,44,32,55,1,2,0,0,2
Eric Bledsoe,60,42,63,62,63,2,1,2,2,2
Eric Gordon,74,32,44,46,61,2,0,0,1,2
Eric Maynor,39,28,39,56,36,1,0,0,2,0
Eric Montross,26,57,50,31,32,0,2,1,0,0
Eric Murdock,38,32,63,48,38,1,0,2,1,0
Eric Paschall,44,42,40,39,52,1,1,0,1,2
Eric Piatkowski,57,37,41,37,48,2,1,0,1,1
Eric Snow,31,35,60,70,41,0,1,2,2,1
Eric Washington,47,33,41,34,40,1,0,0,0,1
Eric Williams,41,41,49,39,48,1,1,1,1,1
Erick Dampier,28,62,60,31,42,0,2,2,0,1
Erick Strickland,46,35,54,44,41,1,1,1,1,1
Ersan İlyasova,57,53,52,36,52,2,2,1,1,2
Ervin Johnson,28,62,68,30,33,0,2,2,0,0
Etan Thomas,28,51,55,28,39,0,2,1,0,1
Eugene Omoruyi,46,37,43,31,41,1,1,0,0,1
Evan Eschmeyer,28,49,57,31,30,0,1,1,0,0
Evan Fournier,69,34,50,47,57,2,0,1,1,2
Evan Mobley,42,69,76,47,62,1,2,2,1,2
Evan Turner,41,45,52,51,52,1,1,1,2,1
Fabricio Oberto,28,49,62,37,32,0,1,2,1,0
Facundo Campazzo,53,31,60,60,38,1,0,2,2,0
Felipe López,36,39,52,38,43,1,1,1,1,1
Felton Spencer,29,53,44,26,36,0,2,0,0,0
Festus Ezeli,28,53,57,32,40,0,2,1,0,1
Francisco Elson,30,46,63,31,32,0,1,2,0,0
Francisco García,52,33,56,39,41,1,0,1,1,1
Frank Jackson,59,32,38,36,48,2,0,0,1,1
Frank Kaminsky,53,42,49,43,47,1,1,1,1,1
Frank Mason III,43,35,44,50,44,1,0,0,2,1
Frank Ntilikina,47,32,49,51,39,1,0,1,2,1
Franz Wagner,65,47,61,56,72,2,1,2,2,2
Fred Hoiberg,49,37,58,51,40,1,1,2,2,1
Fred Jones,46,32,53,45,41,1,0,1,1,1
Fred VanVleet,84,40,66,77,67,2,1,2,2,2
Freddie Gillespie,28,50,53,32,35,0,1,1,0,0
Furkan Korkmaz,64,33,48,42,46,2,0,1,1,1
GG Jackson II,74,43,44,34,62,2,1,0,0,2
Gabe Vincent,61,30,52,45,43,2,0,1,1,1
Garrett Temple,55,36,57,42,42,1,1,1,1,1
Garrison Mathews,62,30,44,40,41,2,0,0,1,1
Gary Clark,49,38,41,40,31,1,1,0,1,0
Gary Grant,38,33,54,62,34,1,0,1,2,0
Gary Harris,60,33,49,45,52,2,0,1,1,2
Gary Neal,55,32,37,40,50,1,0,0,1,1
Gary Payton,52,43,59,84,72,1,1,2,2,2
Gary Payton II,42,38,61,40,34,1,1,2,1,0
Gary Trent,30,52,47,34,49,0,2,1,0,1
Gary Trent Jr.,80,34,47,42,61,2,0,1,1,2
George Hill,52,35,53,52,45,1,1,1,2,1
George Lynch,35,52,62,39,39,1,2,2,1,1
George McCloud,60,39,51,44,51,2,1,1,1,1
Georges Niang,66,36,47,37,44,2,1,1,1,1
Georgios Papagiannis,30,42,44,32,34,0,1,0,0,0
Gerald Green,65,36,47,32,52,2,1,1,0,2
Gerald Henderson,41,39,49,42,54,1,1,1,1,2
Gerald Wallace,47,59,72,44,61,1,2,2,1,2
Gerald Wilkins,44,30,44,39,45,1,0,0,1,1
Gerard King,28,41,45,32,33,0,1,0,0,0
Gheorghe Mureșan,29,57,66,26,46,0,2,2,0,1
Giannis Antetokounmpo,47,74,80,61,85,1,2,2,2,2
Gilbert Arenas,69,39,55,60,68,2,1,1,2,2
Glen Davis,31,51,54,35,49,0,2,1,1,1
Glen Rice,60,40,47,39,64,2,1,1,1,2
Glenn Robinson,48,53,55,42,75,1,2,1,1,2
Glenn Robinson III,53,43,44,40,48,1,1,0,1,1
Goga Bitadze,33,58,74,40,38,0,2,2,1,0
Goran Dragić,53,36,47,57,52,1,1,1,2,2
Gordan Giriček,49,37,40,39,51,1,1,0,1,1
Gordon Hayward,52,43,52,53,56,1,1,1,2,2
Gorgui Dieng,45,53,63,37,42,1,2,2,1,1
Gradey Dick,71,36,38,39,58,2,1,0,1,2
Grant Hill,35,49,62,52,61,1,1,2,2,2
Grant Long,31,46,57,35,38,0,1,1,0,0
Grant Williams,59,43,51,42,46,2,1,1,1,1
Grayson Allen,71,38,51,45,50,2,1,1,1,1
Greg Anderson,28,51,57,28,31,0,2,1,0,0
Greg Anthony,50,32,52,62,44,1,0,1,2,1
Greg Buckner,39,38,57,41,36,1,1,1,1,0
Greg Foster,30,40,37,30,34,0,1,0,0,0
Greg Minor,32,37,45,39,38,0,1,0,1,0
Greg Monroe,28,64,57,42,50,0,2,1,1,1
Greg Oden,29,65,66,29,45,0,2,2,0,1
Greg Ostertag,28,56,71,30,36,0,2,2,0,0
Greg Smith,29,47,51,30,36,0,1,1,0,0
Greg Stiemsma,28,42,66,30,30,0,1,2,0,0
Greivis Vásquez,56,34,40,62,48,2,0,0,2,1
Guerschon Yabusele,58,49,51,40,47,2,1,1,1,1
Gustavo Ayón,27,48,64,37,34,0,1,2,1,0
Hakeem Olajuwon,29,64,82,38,59,0,2,2,1,2
Hakim Warrick,30,43,46,31,46,0,1,1,0,1
Hamidou Diallo,41,47,52,38,51,1,1,1,1,1
Hanno Möttölä,30,39,40,30,34,0,1,0,0,0
Harrison Barnes,63,46,46,40,61,2,1,1,1,2
Harvey Grant,33,37,56,39,31,1,1,1,1,0
Hassan Whiteside,32,80,76,29,53,0,2,2,0,2
Haywood Highsmith,50,39,58,37,37,1,1,2,1,0
Haywoode Workman,42,39,49,71,40,1,1,1,2,1
Hedo Türkoğlu,57,43,61,53,53,2,1,2,2,2
Henry James,56,30,37,32,40,2,0,0,0,1
Henry Sims,29,56,45,37,45,0,2,0,1,1
Henry Walker,60,36,46,37,46,2,1,1,1,1
Herbert Jones,52,43,73,46,48,1,1,2,1,1
Hersey Hawkins,57,41,67,47,50,2,1,2,1,1
Hilton Armstrong,28,38,54,27,33,0,1,1,0,0
Hollis Thompson,50,36,47,41,39,1,1,1,1,1
Horace Grant,28,61,63,45,44,0,2,2,1,1
Hot Rod Williams,27,51,62,37,32,0,2,2,1,0
Howard Eisley,47,31,46,59,42,1,0,1,2,1
Hubert Davis,50,31,38,40,42,1,0,0,1,1
Ian Clark,52,29,40,41,41,1,0,0,1,1
Ian Mahinmi,29,49,64,30,37,0,1,2,0,0
Iman Shumpert,55,39,56,43,43,2,1,1,1,1
Ime Udoka,48,38,59,36,38,1,1,2,1,0
Immanuel Quickley,75,39,47,63,64,2,1,1,2,2
Ira Newble,36,39,45,32,35,1,1,0,0,0
Isaac Austin,29,58,54,39,54,0,2,1,1,2
Isaac Bonga,40,40,48,37,34,1,1,1,1,0
Isaac Okoro,51,37,57,45,43,1,1,1,1,1
Isaiah Canaan,64,32,41,49,47,2,0,0,1,1
Isaiah Collier,37,31,38,49,32,1,0,0,1,0
Isaiah Hartenstein,34,59,74,44,38,1,2,2,1,0
Isaiah Jackson,32,46,59,30,41,0,1,2,0,1
Isaiah Joe,69,34,50,44,45,2,0,1,1,1
Isaiah Livers,56,34,43,37,38,2,0,0,1,0
Isaiah Rider,54,43,44,44,63,1,1,0,1,2
Isaiah Roby,46,50,57,39,46,1,2,1,1,1
Isaiah Stewart,46,61,54,36,44,1,2,1,1,1
Isaiah Taylor,38,29,40,53,40,1,0,0,2,1
Isaiah Thomas,68,33,39,57,64,2,0,0,2,2
Isaiah Whitehead,44,34,47,45,42,1,0,1,1,1
Ish Smith,41,37,48,68,48,1,1,1,2,1
Ish Wainright,52,35,58,42,34,1,0,2,1,0
Ivan Johnson,31,43,57,30,38,0,1,1,0,0
Ivica Zubac,30,61,54,35,44,0,2,1,1,1
J.J. Barea,53,33,39,62,48,1,0,0,2,1
J.J. Hickson,27,55,47,31,43,0,2,1,0,1
J.R. Bremer,63,33,47,52,46,2,0,1,2,1
J.R. Reid,29,45,48,34,39,0,1,1,0,1
J.R. Smith,70,37,53,46,55,2,1,1,1,2
JJ Redick,69,32,40,46,55,2,0,0,1,2
Ja Morant,61,47,54,79,81,2,1,1,2,2
JaKarr Sampson,37,35,46,31,35,1,1,1,0,0
JaMychal Green,50,55,51,32,44,1,2,1,0,1
JaVale McGee,31,57,63,28,46,0,2,2,0,1
Jabari Parker,51,54,49,40,59,1,2,1,1,2
Jabari Smith Jr.,67,60,57,37,57,2,2,1,1,2
Jabari Walker,44,60,49,35,45,1,2,1,0,1
Jackson Vroman,28,45,52,31,35,0,1,1,0,0
Jacob Evans,39,29,34,36,35,1,0,0,1,0
Jacob Gilyard,53,27,58,65,33,1,0,2,2,0
Jacque Vaughn,33,29,48,51,35,1,0,1,2,0
Jaden Ivey,66,42,44,56,67,2,1,0,2,2
Jaden McDaniels,56,42,61,38,47,2,1,2,1,1
Jae Crowder,64,44,56,42,49,2,1,1,1,1
Jae'Sean Tate,45,46,53,44,45,1,1,1,1,1
Jahidi White,27,60,55,25,41,0,2,1,0,1
Jahlil Okafor,31,50,48,32,49,0,2,1,0,1
Jaime Jaquez Jr.,48,45,57,45,49,1,1,1,1,1
Jake LaRavia,56,45,54,45,48,2,1,1,1,1
Jake Layman,51,36,47,32,43,1,1,1,0,1
Jake Tsakalidis,28,47,53,27,36,0,1,1,0,0
Jake Voskuhl,31,46,48,31,36,0,1,1,0,0
Jakob Poeltl,30,69,65,45,47,0,2,2,1,1
Jalen Brunson,61,38,48,67,67,2,1,1,2,2
Jalen Duren,29,76,57,39,46,0,2,1,1,1
Jalen Green,83,43,46,48,76,2,1,1,1,2
Jalen Johnson,59,70,64,59,67,2,2,2,2,2
Jalen McDaniels,49,42,55,38,44,1,1,1,1,1
Jalen Rose,50,40,46,53,65,1,1,1,2,2
Jalen Smith,53,56,45,32,48,1,2,0,0,1
Jalen Suggs,67,39,65,51,57,2,1,2,2,2
Jalen Williams,59,46,68,59,67,2,1,2,2,2
Jalen Wilson,52,40,39,43,41,1,1,0,1,1
Jamaal Magloire,28,67,57,29,49,0,2,2,0,1
Jamaal Tinsley,48,37,62,72,48,1,1,2,2,1
Jamal Crawford,67,34,43,53,64,2,0,0,2,2
Jamal Mashburn,56,48,56,52,63,2,1,1,2,2
Jamal Murray,72,41,51,63,69,2,1,1,2,2
Jamal Shead,45,28,40,53,35,1,0,0,2,0
Jamario Moon,47,42,61,42,38,1,1,2,1,0
Jameer Nelson,57,35,47,61,46,2,1,1,2,1
James Anderson,62,41,48,41,49,2,1,1,1,1
James Bouknight,52,32,40,37,39,1,0,0,1,1
James Ennis III,49,39,48,35,40,1,1,1,1,1
James Harden,85,55,65,88,85,2,2,2,2,2
James Johnson,43,41,62,44,43,1,1,2,1,1
James Jones,54,34,50,37,39,1,0,1,1,1
James Posey,54,47,63,41,49,1,1,2,1,1
James Robinson,50,31,41,40,42,1,0,0,1,1
James Singleton,33,55,54,30,36,1,2,1,0,0
James Wiseman,34,57,43,30,48,1,2,0,0,1
Jamie Feick,31,67,40,32,36,0,2,0,0,0
Jan Veselý,27,47,54,31,33,0,1,1,0,0
Jannero Pargo,50,28,38,44,41,1,0,0,1,1
Jarace Walker,49,38,53,37,38,1,1,1,1,0
Jared Dudley,45,39,52,39,40,1,1,1,1,1
Jared Jeffries,33,46,55,37,35,1,1,1,1,0
Jared McCain,74,35,40,46,61,2,0,0,1,2
Jared Sullinger,43,63,57,40,50,1,2,2,1,1
Jarell Martin,40,45,50,33,42,1,1,1,0,1
Jaren Jackson,53,33,58,38,40,1,0,2,1,1
Jaren Jackson Jr.,66,51,75,35,70,2,2,2,0,2
Jaron Blossomgame,40,41,36,36,33,1,1,0,1,0
Jarred Vanderbilt,38,60,63,43,40,1,2,2,1,1
Jarrett Allen,33,74,64,38,52,0,2,2,1,2
Jarrett Culver,54,40,51,39,49,1,1,1,1,1
Jarrett Jack,44,35,46,59,49,1,1,1,2,1
Jarron Collins,28,42,44,35,36,0,1,0,1,0
Jarvis Hayes,49,38,47,36,45,1,1,1,1,1
Jason Caffey,28,51,44,31,44,0,2,0,0,1
Jason Collier,32,52,41,31,51,0,2,0,0,1
Jason Collins,28,40,53,32,30,0,1,1,0,0
Jason Hart,37,37,58,58,43,1,1,2,2,1
Jason Kapono,50,31,40,36,42,1,0,0,1,1
Jason Kidd,57,53,74,94,54,2,2,2,2,2
Jason Maxiell,27,49,52,29,38,0,1,1,0,0
Jason Richardson,69,46,56,43,66,2,1,1,1,2
Jason Smith,31,45,49,34,43,0,1,1,0,1
Jason Terry,62,33,54,56,56,2,0,1,2,2
Jason Thompson,28,60,49,33,45,0,2,1,0,1
Jason Williams,66,33,52,73,53,2,0,1,2,2
Javaris Crittenton,33,37,37,43,38,0,1,0,1,0
Javon Freeman-Liberty,44,38,37,42,40,1,1,0,1,1
Javonte Green,43,40,58,36,37,1,1,2,1,0
Jawad Williams,41,31,37,36,34,1,0,0,1,0
Jawun Evans,37,30,50,47,35,1,0,1,1,0
Jaxson Hayes,35,45,53,32,41,1,1,1,0,1
Jay Huff,61,36,57,36,45,2,1,1,1,1
Jay Williams,49,35,50,61,49,1,0,1,2,1
Jaylen Brown,71,50,59,45,74,2,1,2,1,2
Jaylen Nowell,54,34,43,47,47,1,0,0,1,1
Jaylen Wells,66,38,44,40,52,2,1,0,1,2
Jaylin Williams,48,47,53,43,37,1,1,1,1,0
Jayson Tatum,84,59,69,53,85,2,2,2,2,2
Jayson Williams,28,97,53,32,53,0,2,1,0,2
Jeff Adrien,28,59,50,34,44,0,2,1,0,1
Jeff Foster,29,64,59,35,35,0,2,2,1,0
Jeff Green,53,42,51,37,55,1,1,1,1,2
Jeff Hornacek,46,37,61,57,55,1,1,2,2,2
Jeff McInnis,42,33,43,70,49,1,0,0,2,1
Jeff Taylor,46,33,42,34,42,1,0,0,0,1
Jeff Teague,46,33,48,63,49,1,0,1,2,1
Jelani McCoy,27,46,50,30,36,0,1,1,0,0
Jerami Grant,53,40,56,37,53,1,1,1,1,2
Jeremiah Robinson-Earl,51,49,44,39,41,1,1,0,1,1
Jeremy Evans,28,48,52,34,36,0,1,1,0,0
Jeremy Lamb,54,39,52,42,47,1,1,1,1,1
Jeremy Lin,50,35,49,54,51,1,1,1,2,1
Jeremy Pargo,45,28,36,46,42,1,0,0,1,1
Jeremy Sochan,50,54,50,48,52,1,2,1,1,2
Jerian Grant,44,31,52,54,38,1,0,1,2,0
Jericho Sims,31,48,51,33,28,0,1,1,0,0
Jermaine O'Neal,29,60,69,36,58,0,2,2,1,2
Jermaine Taylor,41,34,36,34,40,1,0,0,0,1
Jerome James,28,42,60,27,34,0,1,2,0,0
Jerome Kersey,30,42,70,36,36,0,1,2,1,0
Jerome Robinson,53,35,47,42,42,1,0,1,1,1
Jerome Williams,29,61,59,33,39,0,2,2,0,1
Jerry Stackhouse,51,40,52,48,68,1,1,1,1,2
Jerryd Bayless,50,33,45,52,47,1,0,0,2,1
Jevon Carter,52,33,51,59,37,1,0,1,2,0
Jim Jackson,52,46,48,50,56,1,1,1,2,2
Jim McIlvaine,27,42,73,29,30,0,1,2,0,0
Jimmer Fredette,56,28,31,42,43,2,0,0,1,1
Jimmy Butler,50,52,70,62,72,1,2,2,2,2
Jiří Welsch,43,35,45,39,42,1,1,0,1,1
Joakim Noah,28,72,75,48,43,0,2,2,1,1
Jodie Meeks,62,33,51,37,50,2,0,1,1,1
Joe Dumars,72,31,44,57,57,2,0,0,2,2
Joe Harris,69,39,47,41,51,2,1,1,1,1
Joe Ingles,63,37,60,56,43,2,1,2,2,1
Joe Johnson,54,40,48,51,53,1,1,1,2,2
Joe Kleine,33,42,41,31,30,0,1,0,0,0
Joe Smith,30,54,51,33,48,0,2,1,0,1
Joel Anthony,28,42,63,28,28,0,1,2,0,0
Joel Embiid,56,79,79,49,92,2,2,2,2,2
Joel Przybilla,27,56,63,28,31,0,2,2,0,0
Joey Graham,35,37,43,31,38,1,1,0,0,0
Joffrey Lauvergne,37,48,40,34,40,1,1,0,0,1
Johan Petro,29,45,49,29,34,0,1,1,0,0
John Amaechi,29,39,46,32,47,0,1,1,0,1
John Collins,53,65,54,37,61,1,2,1,1,2
John Crotty,43,29,45,48,39,1,0,0,1,1
John Henson,31,49,64,36,39,0,1,2,1,1
John Konchar,47,46,66,48,34,1,1,2,1,0
John Salmons,53,38,54,47,55,1,1,1,1,2
John Starks,64,35,52,60,61,2,1,1,2,2
John Stockton,42,36,69,92,52,1,1,2,2,2
John Thomas,28,42,40,32,32,0,1,0,0,0
John Wall,54,42,63,87,73,1,1,2,2,2
John Wallace,31,43,46,32,52,0,1,1,0,2
Johnathan Williams,29,46,40,31,37,0,1,0,0,0
Johnny Davis,46,34,38,38,39,1,0,0,1,1
Johnny Juzang,60,32,34,40,40,2,0,0,1,1
Johnny Newman,42,31,44,34,46,1,0,0,0,1
Johnny Taylor,44,37,46,31,37,1,1,1,0,0
Jon Barry,49,33,58,48,39,1,0,2,1,0
Jon Leuer,45,50,53,37,45,1,2,1,1,1
Jonas Jerebko,45,43,51,36,38,1,1,1,1,0
Jonas Valančiūnas,37,70,58,34,54,1,2,2,0,2
Jonathan Bender,41,38,52,32,41,1,1,1,0,1
Jonathan Isaac,49,48,73,33,43,1,1,2,0,1
Jonathan Kuminga,49,43,52,39,56,1,1,1,1,2
Jonathan Mogbo,36,48,53,43,36,1,1,1,1,0
Jonathon Simmons,44,35,49,44,43,1,0,1,1,1
Jonny Flynn,47,31,37,54,48,1,0,0,2,1
Jordan Clarkson,68,37,42,45,62,2,1,0,1,2
Jordan Crawford,55,35,42,51,55,2,1,0,2,2
Jordan Farmar,53,31,47,51,44,1,0,1,2,1
Jordan Goodwin,47,44,55,52,40,1,1,1,2,1
Jordan Hamilton,54,38,52,35,41,1,1,1,0,1
Jordan Hawkins,63,33,39,38,44,2,0,0,1,1
Jordan Hill,29,54,45,31,41,0,2,0,0,1
Jordan McLaughlin,45,30,50,65,36,1,0,1,2,0
Jordan McRae,56,39,42,49,56,2,1,0,1,2
Jordan Nwora,56,41,41,37,45,2,1,0,1,1
Jordan Poole,81,34,46,53,67,2,0,1,2,2
Jorge Garbajosa,51,46,64,43,45,1,1,2,1,1
Jose Alvarado,54,33,62,53,42,1,0,2,2,1
Josh Boone,27,52,52,32,36,0,2,1,0,0
Josh Childress,37,50,53,39,46,1,2,1,1,1
Josh Christopher,49,35,44,41,43,1,1,0,1,1
Josh Giddey,55,59,57,71,57,1,2,1,2,2
Josh Green,50,37,51,41,41,1,1,1,1,1
Josh Hall,39,35,32,36,37,1,1,0,1,0
Josh Hart,54,59,59,55,50,1,2,2,2,1
Josh Howard,46,47,53,37,59,1,1,1,1,2
Josh Jackson,51,39,47,37,46,1,1,1,1,1
Josh McRoberts,40,48,50,48,39,1,1,1,1,0
Josh Okogie,47,39,56,38,41,1,1,1,1,1
Josh Powell,28,50,41,31,35,0,2,0,0,0
Josh Richardson,62,36,56,46,50,2,1,1,1,1
Josh Smith,45,55,73,47,57,1,2,2,1,2
Joshua Primo,49,33,43,39,38,1,0,0,1,0
José Calderón,55,34,45,80,47,1,0,0,2,1
Jrue Holiday,61,43,62,73,63,2,1,2,2,2
Juan Carlos Navarro,69,34,37,42,52,2,0,0,1,2
Juan Dixon,50,32,47,39,47,1,0,1,1,1
Juan Toscano-Anderson,39,38,52,46,32,1,1,1,1,0
Juancho Hernangómez,50,43,42,35,39,1,1,0,1,1
Jud Buechler,53,36,56,46,37,1,1,1,1,0
Julian Champagnie,71,41,51,39,48,2,1,1,1,1
Julian Strawther,57,32,45,39,46,2,0,0,1,1
Julius Randle,58,69,56,53,74,2,2,1,2,2
Jumaine Jones,55,50,50,36,46,1,2,1,1,1
Junior Harrington,34,34,53,48,37,1,0,1,1,0
Justin Anderson,51,41,47,36,43,1,1,1,1,1
Justin Hamilton,40,41,49,37,36,1,1,1,1,0
Justin Holiday,68,36,54,41,47,2,1,1,1,1
Justin Jackson,53,34,39,45,41,1,0,0,1,1
Justin Reed,28,35,42,34,38,0,1,0,0,0
Justise Winslow,43,46,57,45,42,1,1,1,1,1
Jusuf Nurkić,32,67,64,41,51,0,2,2,1,1
Juwan Howard,29,61,50,42,62,0,2,1,1,2
K.J. McDaniels,48,40,55,33,46,1,1,1,0,1
KJ Martin,45,45,47,38,45,1,1,1,1,1
Kareem Rush,53,32,41,38,48,1,0,0,1,1
Karl Malone,31,69,75,55,80,0,2,2,2,2
Karl-Anthony Towns,67,79,65,49,79,2,2,2,1,2
Kawhi Leonard,61,55,79,50,72,2,2,2,2,2
Kedrick Brown,43,36,47,42,35,1,1,1,1,0
Keegan Murray,75,53,53,40,57,2,2,1,1,2
Keifer Sykes,50,29,33,43,38,1,0,0,1,0
Keita Bates-Diop,45,37,46,40,38,1,1,1,1,0
Keith Askins,47,41,65,36,35,1,1,2,1,0
Keith Bogans,52,38,53,39,42,1,1,1,1,1
Keith McLeod,38,27,43,46,36,1,0,0,1,0
Keith Van Horn,51,55,51,35,60,1,2,1,1,2
Kelan Martin,48,33,29,37,38,1,0,0,1,0
Keldon Johnson,64,50,46,44,64,2,2,1,1,2
Kelenna Azubuike,48,42,45,35,48,1,1,0,0,1
Kelly Olynyk,57,52,60,50,51,2,2,2,2,1
Kelly Oubre Jr.,67,47,54,34,62,2,1,1,0,2
Kelvin Cato,28,54,67,29,37,0,2,2,0,0
Kemba Walker,76,41,57,66,74,2,1,1,2,2
Kendall Gill,36,44,64,45,54,1,1,2,1,2
Kendall Marshall,53,36,37,92,44,1,1,0,2,1
Kendrick Nunn,73,36,50,49,60,2,1,1,2,2
Kendrick Perkins,27,55,59,31,35,0,2,2,0,0
Kenneth Faried,33,66,50,31,50,1,2,1,0,1
Kenny Anderson,38,35,53,59,44,1,0,1,2,1
Kenny Satterfield,36,30,43,46,39,1,0,0,1,1
Kenny Smith,55,26,32,47,40,2,0,0,1,1
Kenny Thomas,30,63,54,39,50,0,2,1,1,1
Kenrich Williams,48,47,55,47,39,1,1,1,1,1
Kent Bazemore,56,41,59,40,50,2,1,2,1,1
Kentavious Caldwell-Pope,65,37,61,43,52,2,1,2,1,2
Kenyon Martin,31,57,72,39,53,0,2,2,1,2
Keon Clark,28,52,67,32,43,0,2,2,0,1
Keon Ellis,54,34,62,41,37,1,0,2,1,0
Keon Johnson,55,35,44,44,46,1,1,0,1,1
Kerry Kittles,57,42,68,48,60,2,1,2,1,2
Kessler Edwards,51,41,47,30,38,1,1,1,0,0
Kevin Durant,69,56,68,58,90,2,2,2,2,2
Kevin Gamble,44,30,46,47,35,1,0,1,1,0
Kevin Garnett,33,71,82,50,61,0,2,2,2,2
Kevin Huerter,72,39,51,52,53,2,1,1,2,2
Kevin Johnson,44,40,52,79,60,1,1,1,2,2
Kevin Knox,55,38,39,32,44,1,1,0,0,1
Kevin Love,67,67,52,43,58,2,2,1,1,2
Kevin Martin,61,38,44,40,69,2,1,0,1,2
Kevin Ollie,31,32,48,58,37,0,0,1,2,0
Kevin Porter Jr.,67,43,47,59,62,2,1,1,2,2
Kevin Séraphin,28,45,53,29,40,0,1,1,0,1
Kevin Willis,29,60,49,30,47,0,2,1,0,1
Kevon Looney,29,58,59,50,34,0,2,2,2,0
Keyon Dooling,43,28,47,46,42,1,0,1,1,1
Keyonte George,80,37,31,62,63,2,1,0,2,2
Khalid El-Amin,42,30,45,53,40,1,0,0,2,1
Khalid Reeves,55,31,41,53,45,2,0,0,2,1
Khem Birch,33,52,53,41,37,1,2,1,1,0
Khris Middleton,65,45,56,55,64,2,1,1,2,2
Killian Hayes,49,36,54,67,44,1,1,1,2,1
Kira Lewis Jr.,46,28,47,55,39,1,0,1,2,1
Kirk Hinrich,53,35,56,59,48,1,0,1,2,1
Kirk Snyder,35,41,47,40,42,1,1,1,1,1
Klay Thompson,87,39,52,43,72,2,1,1,1,2
Kobe Bryant,61,49,63,59,88,2,1,2,2,2
Kobi Simmons,39,29,37,42,37,1,0,0,1,0
Kornél Dávid,29,38,48,30,38,0,1,1,0,0
Kosta Koufos,28,54,57,31,36,0,2,1,0,0
Kostas Papanikolaou,47,36,52,42,34,1,1,1,1,0
Kris Dunn,45,40,66,61,45,1,1,2,2,1
Kris Humphries,36,52,48,31,41,1,2,1,0,1
Kris Murray,51,42,51,38,39,1,1,1,1,1
Kristaps Porziņģis,68,63,66,40,74,2,2,2,1,2
Kurt Thomas,29,58,66,35,39,0,2,2,1,1
Kwame Brown,28,52,55,33,40,0,2,1,0,1
Ky Bowman,48,35,49,49,42,1,1,1,1,1
Kyle Anderson,40,46,74,54,42,1,1,2,2,1
Kyle Collinsworth,32,39,51,45,31,0,1,1,1,0
Kyle Korver,67,35,51,40,47,2,1,1,1,1
Kyle Kuzma,73,54,51,45,68,2,2,1,1,2
Kyle Lowry,60,40,60,66,52,2,1,2,2,2
Kyle O'Quinn,32,50,67,38,37,0,1,2,1,0
Kyle Singler,51,35,49,36,39,1,1,1,1,1
Kyle Weaver,43,34,57,41,36,1,0,1,1,0
Kyrie Irving,82,45,56,69,85,2,1,1,2,2
Kyshawn George,64,42,46,48,44,2,1,1,1,1
LaMarcus Aldridge,41,60,59,41,65,1,2,2,1,2
LaMelo Ball,96,52,57,79,83,2,2,1,2,2
LaPhonso Ellis,42,53,50,36,54,1,2,1,1,2
Lamar Odom,46,64,68,53,58,1,2,2,2,2
Lamar Stevens,39,37,52,34,36,1,1,1,0,0
Lamond Murray,45,45,51,35,55,1,1,1,1,2
Lance Stephenson,43,40,48,48,45,1,1,1,1,1
Lance Thomas,34,38,40,34,39,1,1,0,0,1
Landry Fields,41,47,56,42,42,1,1,1,1,1
Landry Shamet,68,31,42,45,47,2,0,0,1,1
Langston Galloway,62,34,46,46,46,2,0,1,1,1
Laron Profit,34,31,52,47,34,1,0,1,1,0
Larry Hughes,49,41,57,47,59,1,1,1,1,2
Larry Johnson,44,52,60,43,54,1,2,2,1,2
Larry Nance Jr.,37,56,60,43,41,1,2,2,1,1
Larry Robinson,56,35,33,38,39,2,1,0,1,0
Larry Sanders,27,64,71,33,43,0,2,2,0,1
Latrell Sprewell,55,42,59,53,70,1,1,2,2,2
Lauri Markkanen,80,59,48,37,69,2,2,1,1,2
Lavoy Allen,30,50,49,38,34,0,2,1,1,0
Lawrence Funderburke,30,47,43,32,45,0,1,0,0,1
Lawrence Moten,44,31,42,42,41,1,0,0,1,1
Lawrence Roberts,28,49,46,32,35,0,1,1,0,0
LeBron James,66,60,77,79,92,2,2,2,2,2
Leandro Barbosa,52,32,47,41,51,1,0,1,1,1
Lee Mayberry,49,29,38,64,35,1,0,0,2,0
Lee Nailon,29,41,35,33,45,0,1,0,0,1
Leon Powe,29,50,55,30,42,0,2,1,0,1
Linas Kleiza,55,42,41,32,48,1,1,0,0,1
Lindsey Hunter,55,34,62,49,48,1,0,2,1,1
Lindy Waters III,66,35,48,49,41,2,1,1,2,1
Linton Johnson,38,45,49,29,36,1,1,1,0,0
Lonnie Walker IV,60,33,44,40,50,2,0,0,1,1
Lonzo Ball,77,51,67,72,56,2,2,2,2,2
Loren Woods,27,49,49,29,32,0,1,1,0,0
Lorenzen Wright,28,59,54,31,44,0,2,1,0,1
Lorenzo Brown,36,34,50,56,33,1,0,1,2,0
Lou Amundson,26,52,49,36,36,0,2,1,1,0
Lou Williams,61,33,46,52,62,2,0,1,2,2
Loy Vaught,30,75,59,34,58,0,2,2,0,2
Luc Longley,28,51,60,39,44,0,2,2,1,1
Luc Mbah a Moute,35,43,58,33,38,1,1,2,0,0
Lucas Nogueira,33,45,78,32,32,0,1,2,0,0
Lucious Harris,41,34,49,42,41,1,0,1,1,1
Luguentz Dort,70,42,54,40,56,2,1,1,1,2
Luis Scola,31,58,57,38,53,0,2,2,1,2
Luka Dončić,94,65,68,84,99,2,2,2,2,2
Luke Babbitt,53,34,38,39,37,1,0,0,1,0
Luke Harangody,49,44,47,41,40,1,1,1,1,1
Luke Kennard,67,35,46,46,47,2,1,1,1,1
Luke Kornet,49,41,55,46,38,1,1,1,1,0
Luke Ridnour,44,32,46,59,42,1,0,1,2,1
Luke Walton,39,41,53,52,39,1,1,1,2,1
Luol Deng,48,53,59,45,62,1,2,2,1,2
Luther Head,50,32,52,44,40,1,0,1,1,1
Mahmoud Abdul-Rauf,46,29,39,47,50,1,0,0,1,1
Malachi Flynn,51,33,45,49,37,1,0,0,2,0
Malaki Branham,58,34,36,43,48,2,0,0,1,1
Malcolm Brogdon,64,43,51,65,62,2,1,1,2,2
Malcolm Delaney,44,30,46,50,38,1,0,1,2,0
Malik Allen,32,38,49,32,36,0,1,1,0,0
Malik Beasley,80,37,44,39,55,2,1,0,1,2
Malik Monk,69,36,44,51,56,2,1,0,2,2
Malik Rose,30,46,53,32,40,0,1,1,0,1
Malik Sealy,38,39,58,40,49,1,1,2,1,1
Mamadou N'Diaye,28,42,55,27,36,0,1,1,0,0
Manny Harris,41,35,41,37,40,1,1,0,1,1
Manu Ginóbili,59,39,72,55,57,2,1,2,2,2
MarShon Brooks,50,42,41,42,56,1,1,0,1,2
Marc Gasol,46,60,76,55,57,1,2,2,2,2
Marc Jackson,31,47,40,31,44,0,1,0,0,1
Marcelo Huertas,39,30,35,54,33,1,0,0,2,0
Marcin Gortat,30,64,63,34,46,0,2,2,0,1
Marco Belinelli,62,32,45,42,51,2,0,0,1,1
Marcus Banks,43,32,48,51,46,1,0,1,2,1
Marcus Camby,29,76,82,42,43,0,2,2,1,1
Marcus Fizer,31,47,41,34,47,0,1,0,0,1
Marcus Morris,58,43,48,35,51,2,1,1,1,1
Marcus Sasser,56,30,43,55,44,2,0,0,2,1
Marcus Smart,67,40,68,62,54,2,1,2,2,2
Marcus Thornton,60,36,46,38,52,2,1,0,1,2
Marcus Williams,47,31,42,48,38,1,0,0,1,0
Mardy Collins,35,34,45,46,36,1,0,0,1,0
Mario Chalmers,52,34,64,55,48,1,0,2,2,1
Mario Elie,50,36,61,48,43,1,1,2,1,1
Mario Hezonja,49,39,51,36,42,1,1,1,1,1
Mark Blount,30,45,56,31,42,0,1,1,0,1
Mark Bryant,28,47,49,32,39,0,1,1,0,1
Mark Davis,33,44,50,38,41,1,1,1,1,1
Mark Hendrickson,29,38,42,34,33,0,1,0,0,0
Mark Jackson,46,43,52,95,44,1,1,1,2,1
Mark Madsen,28,44,51,29,31,0,1,1,0,0
Mark Pope,32,34,47,41,28,0,0,1,1,0
Mark Price,55,33,43,61,49,1,0,0,2,1
Mark Strickland,28,45,53,29,38,0,1,1,0,0
Mark Williams,29,60,59,28,42,0,2,2,0,1
Markel Brown,42,32,47,38,37,1,0,1,1,0
Markelle Fultz,39,40,60,62,50,1,1,2,2,1
Markieff Morris,52,47,51,38,50,1,1,1,1,1
Marko Jarić,46,37,61,58,44,1,1,2,2,1
Marquese Chriss,44,50,59,35,45,1,2,2,0,1
Marquis Daniels,35,37,55,41,43,1,1,1,1,1
Marreese Speights,33,48,47,31,45,0,1,1,0,1
Martell Webster,57,38,48,35,46,2,1,1,1,1
Marty Conlon,31,46,40,35,41,0,1,0,1,1
Marvin Bagley III,40,59,42,33,50,1,2,0,0,1
Marvin Williams,51,45,56,38,46,1,1,1,1,1
Mason Plumlee,29,62,63,48,45,0,2,2,1,1
Mateen Cleaves,31,30,46,46,37,0,0,1,1,0
Matisse Thybulle,51,35,73,41,36,1,0,2,1,0
Matt Barnes,53,47,56,43,43,1,1,1,1,1
Matt Bonner,54,41,52,41,40,1,1,1,1,1
Matt Bullard,56,33,42,41,39,2,0,0,1,1
Matt Carroll,51,34,45,33,47,1,0,0,0,1
Matt Freije,44,36,42,36,35,1,1,0,1,0
Matt Geiger,30,54,51,30,47,0,2,1,0,1
Matt Harpring,36,52,49,36,54,1,2,1,1,2
Matt Maloney,58,30,47,51,43,2,0,1,2,1
Matthew Dellavedova,51,31,37,59,39,1,0,0,2,1
Maurice Evans,49,36,45,37,41,1,1,0,1,1
Maurice Harkless,44,39,57,36,38,1,1,2,1,0
Maurice Taylor,29,45,45,32,46,0,1,0,0,1
Max Christie,49,34,49,38,40,1,0,1,1,1
Max Strus,80,40,53,48,53,2,1,1,1,2
Maxi Kleber,55,45,57,40,39,1,1,1,1,1
Mehmet Okur,49,60,58,38,58,1,2,2,1,2
Melvin Booker,44,28,25,47,37,1,0,0,1,0
Melvin Ely,28,44,48,31,41,0,1,1,0,1
Mengke Bateer,33,41,40,31,35,1,1,0,0,0
Metta World Peace,56,47,75,46,62,2,1,2,1,2
Meyers Leonard,48,44,47,35,38,1,1,1,1,0
Michael Beasley,40,46,48,34,53,1,1,1,0,2
Michael Bradley,29,56,40,33,34,0,2,0,0,0
Michael Cage,27,43,58,42,25,0,1,2,1,0
Michael Carter-Williams,43,46,63,65,58,1,1,2,2,2
Michael Curry,33,30,50,40,33,1,0,1,1,0
Michael Dickerson,55,37,45,45,63,2,1,0,1,2
Michael Doleac,30,41,49,32,37,0,1,1,0,0
Michael Finley,52,40,49,45,54,1,1,1,1,2
Michael Jordan,42,52,73,57,89,1,2,2,2,2
Michael Kidd-Gilchrist,30,52,58,37,44,0,2,2,1,1
Michael Olowokandi,27,55,56,28,41,0,2,1,0,1
Michael Porter Jr.,74,54,50,37,62,2,2,1,1,2
Michael Redd,64,42,43,42,73,2,1,0,1,2
Michael Ruffin,26,50,54,34,27,0,2,1,0,0
Michael Smith,28,61,52,40,36,0,2,1,1,0
Michael Stewart,27,58,78,32,34,0,2,2,0,0
Mickaël Gelabale,38,36,44,36,34,1,1,0,1,0
Mickaël Piétrus,57,36,52,32,45,2,1,1,0,1
Mikal Bridges,70,44,61,50,68,2,1,2,2,2
Mike Batiste,37,40,42,31,39,1,1,0,0,1
Mike Bibby,62,36,48,64,55,2,1,1,2,2
Mike Conley,65,37,58,75,58,2,1,2,2,2
Mike Dunleavy,53,41,52,42,48,1,1,1,1,1
Mike James,53,34,47,56,49,1,0,1,2,1
Mike Miller,62,46,48,47,55,2,1,1,1,2
Mike Muscala,58,41,48,37,40,2,1,1,1,1
Mike Penberthy,51,28,38,42,35,1,0,0,1,0
Mike Scott,54,39,44,36,40,1,1,0,1,1
Mike Sweetney,28,51,50,30,43,0,2,1,0,1
Mike Taylor,35,30,41,42,38,1,0,0,1,0
Mike Wilks,35,29,48,52,31,1,0,1,2,0
Mikki Moore,30,43,48,34,33,0,1,1,0,0
Miles Bridges,65,52,54,45,60,2,2,1,1,2
Miles McBride,63,33,50,54,46,2,0,1,2,1
Miles Plumlee,27,49,58,30,32,0,1,2,0,0
Miloš Teodosić,69,36,39,61,48,2,1,0,2,1
Milt Palacio,32,32,48,51,36,0,0,1,2,0
Mirza Teletović,66,40,42,34,47,2,1,0,0,1
Mitch McGary,29,50,47,28,37,0,2,1,0,0
Mitch Richmond,63,38,52,48,77,2,1,1,1,2
Mitchell Robinson,29,68,73,32,39,0,2,2,0,1
Mo Bamba,50,49,56,37,41,1,1,1,1,1
Mo Williams,62,35,42,69,60,2,1,0,2,2
Monta Ellis,51,39,55,62,72,1,1,1,2,2
Monte Morris,51,33,50,77,43,1,0,1,2,1
Montrezl Harrell,32,54,53,42,53,0,2,1,1,2
Monty Williams,30,39,53,35,42,0,1,1,1,1
Moochie Norris,38,34,48,56,40,1,0,1,2,1
Mookie Blaylock,61,42,71,72,55,2,1,2,2,2
Moritz Wagner,46,40,50,37,43,1,1,1,1,1
Morris Peterson,59,40,52,40,52,2,1,1,1,2
Moses Brown,28,72,52,26,43,0,2,1,0,1
Moses Moody,55,34,46,34,43,1,0,1,0,1
Moussa Diabaté,28,63,50,30,30,0,2,1,0,0
Muggsy Bogues,34,33,57,71,36,1,0,1,2,0
Myke Henry,50,32,62,35,37,1,0,2,1,0
Myles Turner,55,57,74,34,57,1,2,2,0,2
Naji Marshall,49,41,53,46,45,1,1,1,1,1
Nassir Little,55,43,45,36,44,1,1,0,1,1
Nate McMillan,47,38,74,65,35,1,1,2,2,0
Nate Robinson,58,33,46,49,49,2,0,1,1,1
Nate Wolters,37,35,42,57,41,1,1,0,2,1
Naz Reid,56,46,59,35,50,2,1,2,1,1
Nazr Mohammed,28,57,52,28,42,0,2,1,0,1
Neemias Queta,30,47,54,33,33,0,1,1,0,0
Nemanja Bjelica,49,43,48,43,41,1,1,1,1,1
Nenad Krstić,29,50,49,30,44,0,2,1,0,1
Nenê,29,57,67,39,53,0,2,2,1,2
Nerlens Noel,29,55,74,34,40,0,2,2,0,1
Nic Claxton,30,62,70,39,45,0,2,2,1,1
Nick Anderson,68,49,66,42,60,2,1,2,1,2
Nick Calathes,36,31,60,50,35,1,0,2,2,0
Nick Collison,30,52,54,35,36,0,2,1,1,0
Nick Richards,33,62,53,31,43,1,2,1,0,1
Nick Van Exel,64,37,40,75,65,2,1,0,2,2
Nick Young,61,32,39,33,56,2,0,0,0,2
Nickeil Alexander-Walker,61,34,51,46,47,2,0,1,1,1
Nicolas Batum,59,46,62,52,45,2,1,2,2,1
Nicolò Melli,55,37,51,40,40,2,1,1,1,1
Nik Stauskas,54,32,40,40,40,1,0,0,1,1
Nikola Jokić,54,80,79,79,74,1,2,2,2,2
Nikola Jović,56,42,56,46,42,2,1,1,1,1
Nikola Mirotić,77,58,55,37,62,2,2,1,1,2
Nikola Peković,29,68,46,30,59,0,2,1,0,2
Nikola Vučević,59,78,63,51,70,2,2,2,2,2
Nikoloz Tskitishvili,42,34,48,35,34,1,0,1,1,0
Noah Clowney,54,41,46,34,41,1,1,1,0,1
Noah Vonleh,42,54,48,34,38,1,2,1,0,0
Norman Powell,71,37,50,39,66,2,1,1,1,2
Norris Cole,45,32,46,53,43,1,0,1,2,1
O.J. Mayo,61,37,51,47,58,2,1,1,1,2
OG Anunoby,68,44,62,40,57,2,1,2,1,2
Obi Toppin,55,41,49,41,45,1,1,1,1,1
Obinna Ekezie,28,45,39,26,36,0,1,0,0,0
Ochai Agbaji,51,37,45,37,40,1,1,0,1,1
Olden Polynice,28,61,52,33,42,0,2,1,0,1
Oliver Miller,28,51,66,37,34,0,2,2,1,0
Olivier Sarr,42,45,42,33,38,1,1,0,0,0
Omari Spellman,49,46,46,35,40,1,1,1,1,1
Omri Casspi,44,42,43,36,41,1,1,0,1,1
Onyeka Okongwu,37,59,57,37,45,1,2,1,1,1
Orien Greene,32,32,59,38,30,0,0,2,1,0
Oshae Brissett,54,47,46,37,46,1,1,1,1,1
Oso Ighodaro,29,41,46,39,30,0,1,1,1,0
Othella Harrington,29,49,48,29,42,0,1,1,0,1
Otis Thorpe,28,58,49,44,47,0,2,1,1,1
Otto Porter Jr.,59,50,57,44,51,2,2,1,1,1
P.J. Brown,28,67,69,37,45,0,2,2,1,1
P.J. Hairston,56,35,43,34,40,2,1,0,0,1
P.J. Tucker,47,46,57,39,35,1,1,1,1,0
P.J. Washington,68,52,58,42,57,2,2,2,1,2
PJ Dozier,51,40,49,43,43,1,1,1,1,1
Pablo Prigioni,48,31,56,55,32,1,0,1,2,0
Paolo Banchero,61,57,62,58,81,2,2,2,2,2
Pascal Siakam,54,58,55,57,71,1,2,1,2,2
Pat Connaughton,58,42,55,46,40,2,1,1,1,1
Pat Garrity,57,38,46,34,45,2,1,1,0,1
Patrick Beverley,55,41,60,57,41,2,1,2,2,1
Patrick Ewing,29,72,78,32,67,0,2,2,0,2
Patrick McCaw,42,31,54,44,33,1,0,1,1,0
Patrick Patterson,46,47,50,38,43,1,1,1,1,1
Patrick Williams,56,44,57,38,48,2,1,2,1,1
Patty Mills,68,31,50,50,48,2,0,1,2,1
Pau Gasol,33,70,67,50,66,1,2,2,2,2
Paul George,81,53,74,52,77,2,2,2,2,2
Paul Millsap,42,60,71,42,57,1,2,2,1,2
Paul Pierce,63,50,69,50,75,2,2,2,2,2
Paul Reed,36,55,67,39,39,1,2,2,1,1
Paul Zipser,46,34,46,33,35,1,0,1,0,0
Payton Pritchard,73,39,49,57,50,2,1,1,2,1
Peja Stojaković,69,44,49,40,61,2,1,1,1,2
Pero Antić,52,41,43,34,40,1,1,0,0,1
Pete Chilcutt,42,38,47,37,33,1,1,1,1,0
Peyton Watson,45,39,58,39,42,1,1,2,1,1
Phil Pressey,38,29,53,55,31,1,0,1,2,0
Pooh Richardson,39,29,44,57,36,1,0,0,2,0
Popeye Jones,31,66,51,36,40,0,2,1,1,1
Precious Achiuwa,41,57,55,36,42,1,2,1,1,1
Predrag Drobnjak,34,41,43,33,42,1,1,0,0,1
Primož Brezec,28,58,44,31,53,0,2,0,0,2
Quentin Grimes,64,33,50,43,43,2,0,1,1,1
Quentin Richardson,60,46,49,38,50,2,1,1,1,1
Quincy Acy,49,41,43,33,39,1,1,0,0,1
Quincy Miller,42,36,48,29,36,1,1,1,0,0
Quincy Pondexter,52,35,43,40,40,1,0,0,1,1
Quinn Cook,55,34,38,52,45,2,0,0,2,1
Quinton Ross,32,34,55,42,34,0,0,1,1,0
Qyntel Woods,39,42,46,33,39,1,1,1,0,1
R.J. Hampton,48,38,43,40,44,1,1,0,1,1
RJ Barrett,64,49,44,50,75,2,1,0,2,2
Raef LaFrentz,53,60,71,35,54,1,2,2,1,2
Rafer Alston,59,36,59,62,52,2,1,2,2,2
Raja Bell,59,38,48,42,51,2,1,1,1,1
Rajon Rondo,42,44,60,81,45,1,1,2,2,1
Ramon Sessions,40,36,42,59,50,1,1,0,2,1
Randy Brown,29,33,60,52,38,0,0,2,2,0
Randy Foye,57,32,46,47,46,2,0,1,1,1
Randy Livingston,32,30,51,44,32,0,0,1,1,0
Rashad McCants,53,31,45,36,49,1,0,0,1,1
Rashard Lewis,63,49,57,38,59,2,1,1,1,2
Rasheed Wallace,53,57,73,41,62,1,2,2,1,2
Rasho Nesterović,28,51,65,35,38,0,2,2,1,0
Rasual Butler,54,33,44,36,42,1,0,0,1,1
Raul Neto,46,31,52,49,41,1,0,1,2,1
Ray Allen,76,45,52,53,74,2,1,1,2,2
Ray McCallum,40,34,43,51,40,1,0,0,2,1
Rayan Rupert,44,34,38,43,33,1,0,0,1,0
Raymond Felton,55,38,55,75,57,2,1,1,2,2
Raül López,40,29,44,56,38,1,0,0,2,0
Reggie Bullock,71,36,50,44,49,2,1,1,1,1
Reggie Evans,28,64,46,29,36,0,2,1,0,0
Reggie Jackson,59,38,46,64,58,2,1,1,2,2
Reggie Miller,69,36,55,48,65,2,1,1,1,2
Reggie Slater,28,43,36,31,43,0,1,0,0,1
Reggie Williams,55,39,38,45,50,1,1,0,1,1
Renaldo Balkman,32,45,65,32,34,0,1,2,0,0
Rex Chapman,59,33,47,46,55,2,0,1,1,2
Rex Walters,44,30,43,43,35,1,0,0,1,0
Richard Hamilton,43,38,47,51,65,1,1,1,2,2
Richard Jefferson,53,42,52,41,54,1,1,1,1,2
Richaun Holmes,34,56,59,37,45,1,2,2,1,1
Rick Brunson,42,32,51,58,36,1,0,1,2,0
Rick Fox,51,41,57,49,47,1,1,1,1,1
Ricky Davis,49,44,51,56,65,1,1,1,2,2
Ricky Pierce,44,32,37,37,49,1,0,0,1,1
Ricky Rubio,51,42,64,82,52,1,1,2,2,2
Rik Smits,29,54,59,33,60,0,2,2,0,2
Robbie Hummel,39,37,38,37,33,1,1,0,1,0
Robert Covington,69,50,73,36,50,2,2,2,1,1
Robert Horry,47,47,71,42,40,1,1,2,1,1
Robert Pack,41,34,50,75,55,1,0,1,2,2
Robert Sacre,27,42,47,36,34,0,1,1,1,0
Robert Swift,28,53,44,26,38,0,2,0,0,0
Robert Traylor,27,45,62,32,36,0,1,2,0,0
Robert Williams,30,68,80,42,39,0,2,2,1,1
Robin Lopez,30,54,51,33,45,0,2,1,0,1
Rod Strickland,32,37,47,71,47,0,1,1,2,1
Rodions Kurucs,52,42,55,31,44,1,1,1,0,1
Rodney Buford,40,40,47,37,44,1,1,1,1,1
Rodney Carney,46,32,48,30,40,1,0,1,0,1
Rodney Hood,59,34,45,42,51,2,0,0,1,1
Rodney McGruder,50,37,49,41,38,1,1,1,1,0
Rodney Rogers,51,46,54,38,49,1,1,1,1,1
Rodney Stuckey,40,37,49,53,55,1,1,1,2,2
Rodney White,43,37,51,36,47,1,1,1,1,1
Rodrick Rhodes,29,28,49,39,40,0,0,1,1,1
Rodrigue Beaubois,50,34,58,47,45,1,0,2,1,1
Roger Mason,58,32,48,42,43,2,0,1,1,1
Romeo Langford,43,34,49,36,35,1,0,1,1,0
Ron Baker,41,31,46,45,33,1,0,1,1,0
Ron Harper,42,42,69,51,44,1,1,2,2,1
Ron Holland,44,37,44,31,38,1,1,0,0,0
Ron Mercer,36,40,46,43,65,1,1,1,1,2
Ronald Dupree,31,41,50,35,40,0,1,1,1,1
Ronald Murray,46,33,45,45,51,1,0,0,1,1
Rondae Hollis-Jefferson,34,51,62,41,46,1,2,2,1,1
Ronnie Brewer,35,38,66,48,43,1,1,2,1,1
Ronnie Price,51,30,58,54,37,1,0,2,2,0
Ronny Turiaf,28,44,65,41,35,0,1,2,1,0
Rony Seikaly,28,64,52,33,61,0,2,1,0,2
Roshown McLeod,33,40,40,37,46,1,1,0,1,1
Roy Hibbert,30,55,68,34,45,0,2,2,0,1
Roy Rogers,34,48,58,30,39,1,1,2,0,1
Royal Ivey,40,30,40,46,38,1,0,0,1,0
Royce O'Neale,64,46,62,52,42,2,1,2,2,1
Ruben Patterson,30,44,53,38,52,0,1,1,1,1
Rudy Fernández,63,34,56,45,47,2,0,1,1,1
Rudy Gay,53,52,62,42,68,1,2,2,1,2
Rudy Gobert,29,87,86,35,53,0,2,2,1,2
Rui Hachimura,50,46,44,36,52,1,1,0,1,2
Russell Westbrook,57,56,64,81,75,2,2,2,2,2
Rusty LaRue,44,29,44,43,36,1,0,0,1,0
Ryan Anderson,74,54,44,34,59,2,2,0,0,2
Ryan Arcidiacono,50,33,48,55,37,1,0,1,2,0
Ryan Bowen,30,41,64,36,32,0,1,2,1,0
Ryan Dunn,54,36,47,38,38,1,1,1,1,0
Ryan Gomes,45,47,47,39,50,1,1,1,1,1
Ryan Hollins,28,36,43,27,33,0,1,0,0,0
Ryan Kelly,49,38,49,45,42,1,1,1,1,1
Saben Lee,40,33,50,55,39,1,0,1,2,1
Saddiq Bey,72,48,45,41,59,2,1,0,1,2
Salim Stoudamire,53,29,33,34,45,1,0,0,0,1
Sam Cassell,50,37,51,67,64,1,1,1,2,2
Sam Dekker,40,39,45,41,38,1,1,0,1,0
Sam Hauser,70,38,52,46,42,2,1,1,1,1
Sam Mack,64,32,42,41,47,2,0,0,1,1
Sam Merrill,73,32,45,57,43,2,0,0,2,1
Sam Mitchell,34,41,48,42,48,1,1,1,1,1
Sam Perkins,50,38,54,36,40,1,1,1,1,1
Sam Young,35,35,49,32,41,1,1,1,0,1
Samaki Walker,28,54,57,31,38,0,2,1,0,0
Samardo Samuels,28,43,39,27,39,0,1,0,0,1
Samuel Dalembert,29,65,69,28,40,0,2,2,0,1
Sandro Mamukelashvili,46,46,41,40,39,1,1,0,1,0
Santi Aldama,62,53,61,46,50,2,2,2,1,1
Sasha Danilović,61,34,53,37,54,2,0,1,1,2
Sasha Pavlović,44,32,51,36,40,1,0,1,1,1
Sasha Vujačić,58,35,46,45,47,2,1,1,1,1
Scoot Henderson,58,38,39,63,58,2,1,0,2,2
Scot Pollard,28,52,65,31,34,0,2,2,0,0
Scott Burrell,46,38,49,38,37,1,1,1,1,0
Scott Padgett,42,41,49,35,38,1,1,1,1,0
Scott Williams,29,54,51,30,37,0,2,1,0,0
Scottie Barnes,55,63,66,62,66,2,2,2,2,2
Scottie Pippen,55,49,72,62,57,1,1,2,2,2
Scotty Pippen Jr.,55,39,61,62,52,1,1,2,2,2
Sean Elliott,50,42,52,43,52,1,1,1,1,2
Sean Kilpatrick,60,33,33,34,55,2,0,0,0,2
Sean Marks,27,41,50,28,34,0,1,1,0,0
Sean May,32,53,50,36,48,0,2,1,1,1
Sean Rooks,30,40,54,34,34,0,1,1,0,0
Sean Williams,28,46,64,28,35,0,1,2,0,0
Sebastian Telfair,45,29,43,52,40,1,0,0,2,1
Sedale Threatt,37,27,51,50,31,1,0,1,2,0
Sekou Doumbouya,46,36,41,31,38,1,1,0,0,0
Semaj Christon,34,29,45,49,30,1,0,0,1,0
Semi Ojeleye,45,37,40,36,32,1,1,0,1,0
Serge Ibaka,50,56,61,32,51,1,2,2,0,1
Sergey Karasev,42,33,48,42,35,1,0,1,1,0
Sergio Rodríguez,44,30,43,54,39,1,0,0,2,1
Seth Curry,67,35,47,49,54,2,0,1,2,2
Shabazz Muhammad,43,41,31,32,51,1,1,0,0,1
Shabazz Napier,60,35,51,56,49,2,1,1,2,1
Shaedon Sharpe,68,42,41,42,61,2,1,0,1,2
Shai Gilgeous-Alexander,60,47,70,64,83,2,1,2,2,2
Shake Milton,51,33,45,52,46,1,0,0,2,1
Shammond Williams,54,32,50,55,44,1,0,1,2,1
Shandon Anderson,37,38,50,36,38,1,1,1,1,0
Shane Battier,54,45,66,44,43,1,1,2,1,1
Shane Larkin,41,33,52,57,39,1,0,1,2,1
Shannon Brown,50,34,53,38,48,1,0,1,1,1
Shaquille Harrison,38,36,61,47,39,1,1,2,1,1
Shaquille O'Neal,28,75,69,39,72,0,2,2,1,2
Shareef Abdur-Rahim,34,61,54,41,66,1,2,1,1,2
Sharone Wright,26,39,43,27,40,0,1,0,0,1
Shaun Livingston,30,34,53,55,38,0,0,1,2,0
Shawn Bradley,29,66,80,29,52,0,2,2,0,2
Shawn Kemp,31,61,66,35,58,0,2,2,0,2
Shawn Marion,44,68,73,41,58,1,2,2,1,2
Shawn Respert,43,29,37,37,37,1,0,0,1,0
Shawne Williams,54,38,45,36,38,1,1,0,1,0
Shelden Williams,32,50,48,30,34,0,2,1,0,0
Shelvin Mack,48,34,45,57,45,1,0,0,2,1
Sherman Douglas,35,31,43,54,42,1,0,0,2,1
Simone Fontecchio,65,40,44,39,46,2,1,0,1,1
Sindarius Thornwell,36,32,55,36,32,1,0,1,1,0
Skal Labissière,34,49,47,35,41,1,1,1,0,1
Skylar Mays,46,30,49,63,40,1,0,1,2,1
Smush Parker,51,32,51,49,44,1,0,1,1,1
Solomon Hill,51,38,52,44,38,1,1,1,1,0
Sonny Weems,34,36,40,40,43,1,1,0,1,1
Speedy Claxton,35,36,62,67,51,1,1,2,2,1
Spencer Dinwiddie,68,38,49,71,60,2,1,1,2,2
Spencer Hawes,49,57,58,44,49,1,2,2,1,1
Stacey Augmon,28,35,58,36,34,0,1,2,1,0
Stanislav Medvedenko,28,51,46,33,43,0,2,1,0,1
Stanley Johnson,51,38,55,39,41,1,1,1,1,1
Stanley Roberts,27,48,53,28,38,0,1,1,0,0
Stephen Curry,99,45,63,71,84,2,1,2,2,2
Stephen Graham,32,32,38,34,30,0,0,0,0,0
Stephen Jackson,61,41,57,48,63,2,1,1,1,2
Stephon Castle,57,35,44,55,55,2,1,0,2,2
Stephon Marbury,57,37,48,85,75,2,1,1,2,2
Sterling Brown,56,41,50,40,41,2,1,1,1,1
Steve Blake,54,33,47,65,40,1,0,1,2,1
Steve Francis,45,47,55,63,65,1,1,1,2,2
Steve Kerr,50,29,54,51,39,1,0,1,2,0
Steve Nash,56,37,44,91,58,2,1,0,2,2
Steve Novak,65,31,40,42,41,2,0,0,1,1
Steve Smith,52,35,48,46,52,1,1,1,1,2
Steven Adams,28,73,65,38,46,0,2,2,1,1
Steven Hunter,28,46,51,27,37,0,1,1,0,0
Stojko Vranković,27,43,50,32,29,0,1,1,0,0
Stromile Swift,28,45,56,28,42,0,1,1,0,1
Svi Mykhailiuk,65,34,46,39,46,2,0,1,1,1
T.J. Ford,37,37,53,69,51,1,1,1,2,1
T.J. McConnell,36,37,59,68,40,1,1,2,2,1
T.J. Warren,44,40,49,37,50,1,1,1,1,1
Taj Gibson,32,55,59,33,45,0,2,2,0,1
Talen Horton-Tucker,51,36,54,52,49,1,1,1,2,1
Tarence Kinsey,38,32,47,33,42,1,0,1,0,1
Tari Eason,48,57,69,35,48,1,2,2,1,1
Tarik Black,28,54,42,31,36,0,2,0,0,0
Tariq Abdul-Wahad,31,45,52,35,46,0,1,1,0,1
Taurean Prince,62,40,51,41,48,2,1,1,1,1
Taylor Hendricks,57,47,50,34,41,2,1,1,0,1
Tayshaun Prince,40,43,51,47,47,1,1,1,1,1
Terance Mann,47,42,53,48,43,1,1,1,1,1
Terence Davis,65,37,47,38,48,2,1,1,1,1
Terence Morris,36,39,41,36,32,1,1,0,1,0
Terrance Ferguson,55,30,51,38,37,2,0,1,1,0
Terrell Brandon,41,41,64,95,61,1,1,2,2,2
Terrence Jones,39,53,61,36,51,1,2,2,1,1
Terrence Ross,65,35,51,41,50,2,1,1,1,1
Terrence Williams,40,40,44,45,42,1,1,0,1,1
Terry Cummings,30,45,48,32,41,0,1,1,0,1
Terry Davis,28,51,47,30,31,0,2,1,0,0
Terry Dehere,43,29,44,48,39,1,0,0,1,1
Terry Mills,55,43,52,36,41,1,1,1,1,1
Terry Porter,50,34,55,53,43,1,0,1,2,1
Terry Rozier,77,42,52,65,68,2,1,1,2,2
Terry Taylor,40,53,32,39,44,1,2,0,1,1
Thabo Sefolosha,42,42,68,41,38,1,1,2,1,0
Thaddeus Young,40,50,60,43,50,1,2,2,1,1
Theo Ratliff,28,54,78,29,40,0,2,2,0,1
Theron Smith,32,41,35,33,31,0,1,0,0,0
Thomas Bryant,42,54,47,34,46,1,2,1,0,1
Thomas Robinson,27,53,47,31,38,0,2,1,0,0
Thon Maker,47,39,56,35,37,1,1,1,1,0
Théo Maledon,54,36,49,51,45,1,1,1,2,1
Tiago Splitter,29,50,61,36,42,0,2,2,1,1
Tidjane Salaün,53,44,45,37,37,1,1,0,1,0
Tim Duncan,30,79,93,47,70,0,2,2,1,2
Tim Frazier,43,37,44,65,36,1,1,0,2,0
Tim Hardaway,71,34,50,70,59,2,0,1,2,2
Tim Hardaway Jr.,78,37,42,44,64,2,1,0,1,2
Tim Thomas,52,43,46,35,52,1,1,1,1,1
Timofey Mozgov,31,58,55,29,43,0,2,1,0,1
Timothé Luwawu-Cabarrot,53,33,42,35,40,1,0,0,1,1
Tobias Harris,61,55,55,45,65,2,2,1,1,2
Todd Day,56,38,56,35,52,2,1,1,1,2
Todd MacCulloch,28,52,60,33,42,0,2,2,0,1
Tom Gugliotta,33,53,56,41,44,0,2,1,1,1
Tom Hammonds,28,49,40,31,37,0,1,0,0,0
Tomáš Satoranský,40,35,45,64,35,1,1,0,2,0
Toney Douglas,51,33,51,46,41,1,0,1,1,1
Toni Kukoč,49,45,56,54,56,1,1,1,2,2
Tony Allen,34,41,70,35,43,1,1,2,1,1
Tony Battie,30,50,56,32,37,0,2,1,0,0
Tony Bradley,30,54,51,33,39,0,2,1,0,1
Tony Delk,49,36,47,44,47,1,1,1,1,1
Tony Farmer,34,44,52,33,40,1,1,1,0,1
Tony Massenburg,30,51,44,27,40,0,2,0,0,1
Tony Parker,40,35,54,69,61,1,1,1,2,2
Tony Smith,40,29,47,46,35,1,0,1,1,0
Tony Snell,53,33,46,41,36,1,0,1,1,0
Tony Wroten,55,38,48,53,66,2,1,1,2,2
Torrey Craig,50,44,52,38,38,1,1,1,1,0
Toumani Camara,55,51,53,37,44,1,2,1,1,1
Tracy McGrady,52,48,60,58,67,1,1,2,2,2
Tracy Murray,58,38,48,33,50,2,1,1,0,1
Trae Young,86,40,42,96,90,2,1,0,2,2
Trajan Langdon,46,29,46,38,37,1,0,1,1,0
Travis Best,38,32,55,62,43,1,0,1,2,1
Travis Diener,56,30,42,68,42,2,0,0,2,1
Travis Knight,32,48,60,34,36,0,1,2,0,0
Travis Outlaw,48,41,48,35,47,1,1,1,0,1
Trayce Jackson-Davis,29,50,58,44,39,0,2,2,1,1
Tre Jones,44,38,51,76,46,1,1,1,2,1
Tre Mann,57,40,51,57,49,2,1,1,2,1
Tremaine Fowlkes,31,38,46,35,32,0,1,1,1,0
Trendon Watford,38,43,46,43,40,1,1,1,1,1
Trenton Hassell,33,38,49,43,37,1,1,1,1,0
Treveon Graham,47,37,41,38,36,1,1,0,1,0
Trevor Ariza,55,45,60,44,47,2,1,2,1,1
Trevor Booker,33,49,52,35,37,0,1,1,1,0
Trey Burke,53,31,40,57,50,1,0,0,2,1
Trey Jemison,29,54,46,34,37,0,2,1,0,0
Trey Lyles,51,46,45,37,45,1,1,0,1,1
Trey Murphy III,83,43,61,47,60,2,1,2,1,2
Tristan Da Silva,57,41,46,39,45,2,1,1,1,1
Tristan Thompson,30,59,43,33,41,0,2,0,0,1
Troy Brown Jr.,48,40,47,41,37,1,1,1,1,0
Troy Daniels,71,30,35,33,46,2,0,0,0,1
Troy Hudson,50,30,36,54,47,1,0,0,2,1
Troy Murphy,47,59,55,40,50,1,2,1,1,1
Troy Williams,43,32,51,31,38,1,0,1,0,0
Ty Jerome,57,32,48,56,45,2,0,1,2,1
Ty Lawson,46,34,48,66,49,1,0,1,2,1
Tyler Cook,32,40,39,31,34,0,1,0,0,0
Tyler Dorsey,60,38,35,45,47,2,1,0,1,1
Tyler Ennis,49,28,43,49,42,1,0,0,1,1
Tyler Hansbrough,28,48,47,30,44,0,1,1,0,1
Tyler Herro,84,47,49,54,72,2,1,1,2,2
Tyler Johnson,56,35,49,46,46,2,0,1,1,1
Tyler Ulis,42,30,42,60,42,1,0,0,2,1
Tyler Zeller,32,48,45,34,38,0,1,0,0,0
Tyreke Evans,50,43,54,59,59,1,1,1,2,2
Tyrese Haliburton,73,42,58,92,64,2,1,2,2,2
Tyrese Maxey,74,37,52,63,73,2,1,1,2,2
Tyrone Corbin,45,41,59,40,43,1,1,2,1,1
Tyrone Hill,27,65,52,30,42,0,2,1,0,1
Tyrone Nesby,48,38,47,38,47,1,1,1,1,1
Tyrone Wallace,39,40,49,45,47,1,1,1,1,1
Tyronn Lue,47,31,37,58,47,1,0,0,2,1
Tyrus Thomas,29,53,75,31,46,0,2,2,0,1
Tyson Chandler,29,67,61,31,39,0,2,2,0,1
Tyus Edney,34,30,46,51,41,1,0,1,2,1
Tyus Jones,51,32,52,77,43,1,0,1,2,1
Udonis Haslem,29,61,54,33,42,0,2,1,0,1
Vasilije Micić,53,30,37,67,46,1,0,0,2,1
Vernon Maxwell,52,29,41,38,42,1,0,0,1,1
Victor Claver,41,34,46,34,33,1,0,1,0,0
Victor Oladipo,74,45,58,58,74,2,1,2,2,2
Victor Wembanyama,85,75,99,51,82,2,2,2,2,2
Viktor Khryapa,32,43,50,34,35,0,1,1,0,0
Vin Baker,30,57,49,35,55,0,2,1,1,2
Vince Carter,59,44,60,50,69,2,1,2,2,2
Vince Williams Jr.,60,50,62,52,49,2,2,2,2,1
Vincent Askew,36,34,38,46,37,1,0,0,1,0
Vincent Yarbrough,39,36,61,43,41,1,1,2,1,1
Vinny Del Negro,37,33,46,57,43,1,0,0,2,1
Vit Krejci,55,36,44,46,38,1,1,0,1,0
Vitaly Potapenko,28,53,48,32,43,0,2,1,0,1
Vlade Divac,32,66,78,52,52,0,2,2,2,2
Vladimir Radmanović,57,42,50,36,44,2,1,1,1,1
Vladimir Stepania,26,61,56,27,37,0,2,1,0,0
Von Wafer,50,31,52,36,47,1,0,1,1,1
Vonteego Cummings,45,34,48,53,46,1,0,1,2,1
Voshon Lenard,59,35,49,42,53,2,1,1,1,2
Walker Kessler,33,71,71,35,43,0,2,2,1,1
Wally Szczerbiak,52,41,44,43,59,1,1,0,1,2
Walt Williams,58,40,53,41,50,2,1,1,1,1
Walter Herrmann,50,37,41,31,44,1,1,0,0,1
Walter McCarty,51,41,57,39,43,1,1,1,1,1
Wayne Ellington,66,32,46,40,46,2,0,1,1,1
Wayne Selden,49,35,39,39,43,1,1,0,1,1
Wendell Carter Jr.,41,66,55,41,51,1,2,1,1,1
Wenyen Gabriel,34,45,52,31,34,1,1,1,0,0
Wes Iwundu,39,35,49,41,35,1,0,1,1,0
Wesley Johnson,53,38,56,36,43,1,1,1,1,1
Wesley Matthews,70,35,52,44,54,2,1,1,1,2
Wesley Person,52,35,45,42,43,1,0,0,1,1
Will Barton,55,41,52,46,50,1,1,1,1,1
Will Bynum,38,30,42,56,46,1,0,0,2,1
Will Perdue,27,60,56,31,35,0,2,1,0,0
Willie Burton,44,31,42,28,40,1,0,0,0,1
Willie Cauley-Stein,29,54,63,40,41,0,2,2,1,1
Willie Green,46,31,45,39,44,1,0,0,1,1
Willy Hernangómez,32,61,47,36,42,0,2,1,1,1
Wilson Chandler,58,48,52,39,53,2,1,1,1,2
Xavier Henry,38,35,47,34,44,1,0,1,0,1
Xavier McDaniel,32,50,45,33,37,0,2,0,0,0
Xavier Tillman Sr.,38,46,64,43,38,1,1,2,1,0
Yakhouba Diawara,48,30,47,37,35,1,0,1,1,0
Yao Ming,31,72,78,35,70,0,2,2,1,2
Yi Jianlian,36,51,47,31,46,1,2,1,0,1
Yogi Ferrell,58,34,46,57,49,2,0,1,2,1
Yuta Watanabe,49,34,47,41,36,1,0,1,1,0
Yves Missi,28,71,48,36,44,0,2,1,1,1
Zaccharie Risacher,61,40,44,35,53,2,1,0,1,2
Zach Collins,45,48,54,40,43,1,1,1,1,1
Zach Edey,40,68,58,32,49,1,2,2,0,1
Zach LaVine,76,42,46,54,76,2,1,1,2,2
Zach Randolph,37,73,49,39,68,1,2,1,1,2
Zaza Pachulia,28,57,55,36,41,0,2,1,1,1
Zeke Nnaji,46,42,40,30,39,1,1,0,0,1
Zendon Hamilton,27,48,36,26,39,0,1,0,0,1
Ziaire Williams,54,37,47,36,43,1,1,1,1,1
Zion Williamson,35,58,56,52,82,1,2,1,2,2
Zydrunas Ilgauskas,30,62,64,32,54,0,2,2,0,2
Álex Abrines,57,29,48,35,37,2,0,1,1,0
Óscar Torres,44,32,37,31,38,1,0,0,0,0
Ömer Aşık,28,66,52,30,37,0,2,1,0,0
Šarūnas Jasikevičius,48,28,38,49,40,1,0,0,1,1
Žan Tabak,26,43,44,32,37,0,1,0,0,0
Željko Rebrača,29,40,53,28,37,0,1,1,0,0
